Job,Step,total refugee,At Home,School,Water,Mosque,Market,Food C.,Health C.,Visit R.,Social,Hygiene
0,0,4000,4000,0,0,0,0,0,0,0,0,0
0,1,4000,4000,0,0,0,0,0,0,0,0,0
0,2,4000,4000,0,0,0,0,0,0,0,0,0
0,3,4000,4000,0,0,0,0,0,0,0,0,0
0,4,4000,4000,0,0,0,0,0,0,0,0,0
0,5,4000,4000,0,0,0,0,0,0,0,0,0
0,6,4000,4000,0,0,0,0,0,0,0,0,0
0,7,4000,4000,0,0,0,0,0,0,0,0,0
0,8,4000,4000,0,0,0,0,0,0,0,0,0
0,9,4000,4000,0,0,0,0,0,0,0,0,0
0,10,4000,4000,0,0,0,0,0,0,0,0,0
0,11,4000,4000,0,0,0,0,0,0,0,0,0
0,12,4000,4000,0,0,0,0,0,0,0,0,0
0,13,4000,4000,0,0,0,0,0,0,0,0,0
0,14,4000,4000,0,0,0,0,0,0,0,0,0
0,15,4000,4000,0,0,0,0,0,0,0,0,0
0,16,4000,4000,0,0,0,0,0,0,0,0,0
0,17,4000,4000,0,0,0,0,0,0,0,0,0
0,18,4000,4000,0,0,0,0,0,0,0,0,0
0,19,4000,4000,0,0,0,0,0,0,0,0,0
0,20,4000,4000,0,0,0,0,0,0,0,0,0
0,21,4000,4000,0,0,0,0,0,0,0,0,0
0,22,4000,4000,0,0,0,0,0,0,0,0,0
0,23,4000,4000,0,0,0,0,0,0,0,0,0
0,24,4000,4000,0,0,0,0,0,0,0,0,0
0,25,4000,4000,0,0,0,0,0,0,0,0,0
0,26,4000,4000,0,0,0,0,0,0,0,0,0
0,27,4000,4000,0,0,0,0,0,0,0,0,0
0,28,4000,4000,0,0,0,0,0,0,0,0,0
0,29,4000,4000,0,0,0,0,0,0,0,0,0
0,30,4000,4000,0,0,0,0,0,0,0,0,0
0,31,4000,4000,0,0,0,0,0,0,0,0,0
0,32,4000,4000,0,0,0,0,0,0,0,0,0
0,33,4000,4000,0,0,0,0,0,0,0,0,0
0,34,4000,4000,0,0,0,0,0,0,0,0,0
0,35,4000,4000,0,0,0,0,0,0,0,0,0
0,36,4000,4000,0,0,0,0,0,0,0,0,0
0,37,4000,4000,0,0,0,0,0,0,0,0,0
0,38,4000,4000,0,0,0,0,0,0,0,0,0
0,39,4000,4000,0,0,0,0,0,0,0,0,0
0,40,4000,4000,0,0,0,0,0,0,0,0,0
0,41,4000,4000,0,0,0,0,0,0,0,0,0
0,42,4000,4000,0,0,0,0,0,0,0,0,0
0,43,4000,4000,0,0,0,0,0,0,0,0,0
0,44,4000,4000,0,0,0,0,0,0,0,0,0
0,45,4000,4000,0,0,0,0,0,0,0,0,0
0,46,4000,4000,0,0,0,0,0,0,0,0,0
0,47,4000,4000,0,0,0,0,0,0,0,0,0
0,48,4000,4000,0,0,0,0,0,0,0,0,0
0,49,4000,4000,0,0,0,0,0,0,0,0,0
0,50,4000,4000,0,0,0,0,0,0,0,0,0
0,51,4000,4000,0,0,0,0,0,0,0,0,0
0,52,4000,4000,0,0,0,0,0,0,0,0,0
0,53,4000,4000,0,0,0,0,0,0,0,0,0
0,54,4000,4000,0,0,0,0,0,0,0,0,0
0,55,4000,4000,0,0,0,0,0,0,0,0,0
0,56,4000,4000,0,0,0,0,0,0,0,0,0
0,57,4000,4000,0,0,0,0,0,0,0,0,0
0,58,4000,4000,0,0,0,0,0,0,0,0,0
0,59,4000,4000,0,0,0,0,0,0,0,0,0
0,60,4000,4000,0,0,0,0,0,0,0,0,0
0,61,4000,4000,0,0,0,0,0,0,0,0,0
0,62,4000,4000,0,0,0,0,0,0,0,0,0
0,63,4000,4000,0,0,0,0,0,0,0,0,0
0,64,4000,4000,0,0,0,0,0,0,0,0,0
0,65,4000,4000,0,0,0,0,0,0,0,0,0
0,66,4000,4000,0,0,0,0,0,0,0,0,0
0,67,4000,4000,0,0,0,0,0,0,0,0,0
0,68,4000,4000,0,0,0,0,0,0,0,0,0
0,69,4000,4000,0,0,0,0,0,0,0,0,0
0,70,4000,4000,0,0,0,0,0,0,0,0,0
0,71,4000,4000,0,0,0,0,0,0,0,0,0
0,72,4000,4000,0,0,0,0,0,0,0,0,0
0,73,4000,4000,0,0,0,0,0,0,0,0,0
0,74,4000,4000,0,0,0,0,0,0,0,0,0
0,75,4000,4000,0,0,0,0,0,0,0,0,0
0,76,4000,4000,0,0,0,0,0,0,0,0,0
0,77,4000,4000,0,0,0,0,0,0,0,0,0
0,78,4000,4000,0,0,0,0,0,0,0,0,0
0,79,4000,4000,0,0,0,0,0,0,0,0,0
0,80,4000,4000,0,0,0,0,0,0,0,0,0
0,81,4000,4000,0,0,0,0,0,0,0,0,0
0,82,4000,4000,0,0,0,0,0,0,0,0,0
0,83,4000,4000,0,0,0,0,0,0,0,0,0
0,84,4000,4000,0,0,0,0,0,0,0,0,0
0,85,4000,4000,0,0,0,0,0,0,0,0,0
0,86,4000,4000,0,0,0,0,0,0,0,0,0
0,87,4000,4000,0,0,0,0,0,0,0,0,0
0,88,4000,4000,0,0,0,0,0,0,0,0,0
0,89,4000,4000,0,0,0,0,0,0,0,0,0
0,90,4000,4000,0,0,0,0,0,0,0,0,0
0,91,4000,4000,0,0,0,0,0,0,0,0,0
0,92,4000,4000,0,0,0,0,0,0,0,0,0
0,93,4000,4000,0,0,0,0,0,0,0,0,0
0,94,4000,4000,0,0,0,0,0,0,0,0,0
0,95,4000,4000,0,0,0,0,0,0,0,0,0
0,96,4000,4000,0,0,0,0,0,0,0,0,0
0,97,4000,4000,0,0,0,0,0,0,0,0,0
0,98,4000,4000,0,0,0,0,0,0,0,0,0
0,99,4000,4000,0,0,0,0,0,0,0,0,0
0,100,4000,4000,0,0,0,0,0,0,0,0,0
0,101,4000,4000,0,0,0,0,0,0,0,0,0
0,102,4000,4000,0,0,0,0,0,0,0,0,0
0,103,4000,4000,0,0,0,0,0,0,0,0,0
0,104,4000,4000,0,0,0,0,0,0,0,0,0
0,105,4000,4000,0,0,0,0,0,0,0,0,0
0,106,4000,4000,0,0,0,0,0,0,0,0,0
0,107,4000,4000,0,0,0,0,0,0,0,0,0
0,108,4000,4000,0,0,0,0,0,0,0,0,0
0,109,4000,4000,0,0,0,0,0,0,0,0,0
0,110,4000,4000,0,0,0,0,0,0,0,0,0
0,111,4000,4000,0,0,0,0,0,0,0,0,0
0,112,4000,4000,0,0,0,0,0,0,0,0,0
0,113,4000,4000,0,0,0,0,0,0,0,0,0
0,114,4000,4000,0,0,0,0,0,0,0,0,0
0,115,4000,4000,0,0,0,0,0,0,0,0,0
0,116,4000,4000,0,0,0,0,0,0,0,0,0
0,117,4000,4000,0,0,0,0,0,0,0,0,0
0,118,4000,4000,0,0,0,0,0,0,0,0,0
0,119,4000,4000,0,0,0,0,0,0,0,0,0
0,120,4000,4000,0,0,0,0,0,0,0,0,0
0,121,4000,4000,0,0,0,0,0,0,0,0,0
0,122,4000,4000,0,0,0,0,0,0,0,0,0
0,123,4000,4000,0,0,0,0,0,0,0,0,0
0,124,4000,4000,0,0,0,0,0,0,0,0,0
0,125,4000,4000,0,0,0,0,0,0,0,0,0
0,126,4000,4000,0,0,0,0,0,0,0,0,0
0,127,4000,4000,0,0,0,0,0,0,0,0,0
0,128,4000,4000,0,0,0,0,0,0,0,0,0
0,129,4000,4000,0,0,0,0,0,0,0,0,0
0,130,4000,4000,0,0,0,0,0,0,0,0,0
0,131,4000,4000,0,0,0,0,0,0,0,0,0
0,132,4000,4000,0,0,0,0,0,0,0,0,0
0,133,4000,4000,0,0,0,0,0,0,0,0,0
0,134,4000,4000,0,0,0,0,0,0,0,0,0
0,135,4000,4000,0,0,0,0,0,0,0,0,0
0,136,4000,4000,0,0,0,0,0,0,0,0,0
0,137,4000,4000,0,0,0,0,0,0,0,0,0
0,138,4000,4000,0,0,0,0,0,0,0,0,0
0,139,4000,4000,0,0,0,0,0,0,0,0,0
0,140,4000,4000,0,0,0,0,0,0,0,0,0
0,141,4000,4000,0,0,0,0,0,0,0,0,0
0,142,4000,4000,0,0,0,0,0,0,0,0,0
0,143,4000,4000,0,0,0,0,0,0,0,0,0
0,144,4000,4000,0,0,0,0,0,0,0,0,0
0,145,4000,4000,0,0,0,0,0,0,0,0,0
0,146,4000,4000,0,0,0,0,0,0,0,0,0
0,147,4000,4000,0,0,0,0,0,0,0,0,0
0,148,4000,4000,0,0,0,0,0,0,0,0,0
0,149,4000,4000,0,0,0,0,0,0,0,0,0
0,150,4000,4000,0,0,0,0,0,0,0,0,0
0,151,4000,4000,0,0,0,0,0,0,0,0,0
0,152,4000,4000,0,0,0,0,0,0,0,0,0
0,153,4000,4000,0,0,0,0,0,0,0,0,0
0,154,4000,4000,0,0,0,0,0,0,0,0,0
0,155,4000,4000,0,0,0,0,0,0,0,0,0
0,156,4000,4000,0,0,0,0,0,0,0,0,0
0,157,4000,4000,0,0,0,0,0,0,0,0,0
0,158,4000,4000,0,0,0,0,0,0,0,0,0
0,159,4000,4000,0,0,0,0,0,0,0,0,0
0,160,4000,4000,0,0,0,0,0,0,0,0,0
0,161,4000,4000,0,0,0,0,0,0,0,0,0
0,162,4000,4000,0,0,0,0,0,0,0,0,0
0,163,4000,4000,0,0,0,0,0,0,0,0,0
0,164,4000,4000,0,0,0,0,0,0,0,0,0
0,165,4000,4000,0,0,0,0,0,0,0,0,0
0,166,4000,4000,0,0,0,0,0,0,0,0,0
0,167,4000,4000,0,0,0,0,0,0,0,0,0
0,168,4000,4000,0,0,0,0,0,0,0,0,0
0,169,4000,4000,0,0,0,0,0,0,0,0,0
0,170,4000,4000,0,0,0,0,0,0,0,0,0
0,171,4000,4000,0,0,0,0,0,0,0,0,0
0,172,4000,4000,0,0,0,0,0,0,0,0,0
0,173,4000,4000,0,0,0,0,0,0,0,0,0
0,174,4000,4000,0,0,0,0,0,0,0,0,0
0,175,4000,4000,0,0,0,0,0,0,0,0,0
0,176,4000,4000,0,0,0,0,0,0,0,0,0
0,177,4000,4000,0,0,0,0,0,0,0,0,0
0,178,4000,4000,0,0,0,0,0,0,0,0,0
0,179,4000,4000,0,0,0,0,0,0,0,0,0
0,180,4000,4000,0,0,0,0,0,0,0,0,0
0,181,4000,4000,0,0,0,0,0,0,0,0,0
0,182,4000,4000,0,0,0,0,0,0,0,0,0
0,183,4000,4000,0,0,0,0,0,0,0,0,0
0,184,4000,4000,0,0,0,0,0,0,0,0,0
0,185,4000,4000,0,0,0,0,0,0,0,0,0
0,186,4000,4000,0,0,0,0,0,0,0,0,0
0,187,4000,4000,0,0,0,0,0,0,0,0,0
0,188,4000,4000,0,0,0,0,0,0,0,0,0
0,189,4000,4000,0,0,0,0,0,0,0,0,0
0,190,4000,4000,0,0,0,0,0,0,0,0,0
0,191,4000,4000,0,0,0,0,0,0,0,0,0
0,192,4000,4000,0,0,0,0,0,0,0,0,0
0,193,4000,4000,0,0,0,0,0,0,0,0,0
0,194,4000,4000,0,0,0,0,0,0,0,0,0
0,195,4000,4000,0,0,0,0,0,0,0,0,0
0,196,4000,4000,0,0,0,0,0,0,0,0,0
0,197,4000,4000,0,0,0,0,0,0,0,0,0
0,198,4000,4000,0,0,0,0,0,0,0,0,0
0,199,4000,4000,0,0,0,0,0,0,0,0,0
0,200,4000,4000,0,0,0,0,0,0,0,0,0
0,201,4000,4000,0,0,0,0,0,0,0,0,0
0,202,4000,4000,0,0,0,0,0,0,0,0,0
0,203,4000,4000,0,0,0,0,0,0,0,0,0
0,204,4000,4000,0,0,0,0,0,0,0,0,0
0,205,4000,4000,0,0,0,0,0,0,0,0,0
0,206,4000,4000,0,0,0,0,0,0,0,0,0
0,207,4000,4000,0,0,0,0,0,0,0,0,0
0,208,4000,4000,0,0,0,0,0,0,0,0,0
0,209,4000,4000,0,0,0,0,0,0,0,0,0
0,210,4000,4000,0,0,0,0,0,0,0,0,0
0,211,4000,4000,0,0,0,0,0,0,0,0,0
0,212,4000,4000,0,0,0,0,0,0,0,0,0
0,213,4000,4000,0,0,0,0,0,0,0,0,0
0,214,4000,4000,0,0,0,0,0,0,0,0,0
0,215,4000,4000,0,0,0,0,0,0,0,0,0
0,216,4000,4000,0,0,0,0,0,0,0,0,0
0,217,4000,4000,0,0,0,0,0,0,0,0,0
0,218,4000,4000,0,0,0,0,0,0,0,0,0
0,219,4000,4000,0,0,0,0,0,0,0,0,0
0,220,4000,4000,0,0,0,0,0,0,0,0,0
0,221,4000,4000,0,0,0,0,0,0,0,0,0
0,222,4000,4000,0,0,0,0,0,0,0,0,0
0,223,4000,4000,0,0,0,0,0,0,0,0,0
0,224,4000,4000,0,0,0,0,0,0,0,0,0
0,225,4000,4000,0,0,0,0,0,0,0,0,0
0,226,4000,4000,0,0,0,0,0,0,0,0,0
0,227,4000,4000,0,0,0,0,0,0,0,0,0
0,228,4000,4000,0,0,0,0,0,0,0,0,0
0,229,4000,4000,0,0,0,0,0,0,0,0,0
0,230,4000,4000,0,0,0,0,0,0,0,0,0
0,231,4000,4000,0,0,0,0,0,0,0,0,0
0,232,4000,4000,0,0,0,0,0,0,0,0,0
0,233,4000,4000,0,0,0,0,0,0,0,0,0
0,234,4000,4000,0,0,0,0,0,0,0,0,0
0,235,4000,4000,0,0,0,0,0,0,0,0,0
0,236,4000,4000,0,0,0,0,0,0,0,0,0
0,237,4000,4000,0,0,0,0,0,0,0,0,0
0,238,4000,4000,0,0,0,0,0,0,0,0,0
0,239,4000,4000,0,0,0,0,0,0,0,0,0
0,240,4000,4000,0,0,0,0,0,0,0,0,0
0,241,4000,4000,0,0,0,0,0,0,0,0,0
0,242,4000,4000,0,0,0,0,0,0,0,0,0
0,243,4000,4000,0,0,0,0,0,0,0,0,0
0,244,4000,4000,0,0,0,0,0,0,0,0,0
0,245,4000,4000,0,0,0,0,0,0,0,0,0
0,246,4000,4000,0,0,0,0,0,0,0,0,0
0,247,4000,4000,0,0,0,0,0,0,0,0,0
0,248,4000,4000,0,0,0,0,0,0,0,0,0
0,249,4000,4000,0,0,0,0,0,0,0,0,0
0,250,4000,4000,0,0,0,0,0,0,0,0,0
0,251,4000,4000,0,0,0,0,0,0,0,0,0
0,252,4000,4000,0,0,0,0,0,0,0,0,0
0,253,4000,4000,0,0,0,0,0,0,0,0,0
0,254,4000,4000,0,0,0,0,0,0,0,0,0
0,255,4000,4000,0,0,0,0,0,0,0,0,0
0,256,4000,4000,0,0,0,0,0,0,0,0,0
0,257,4000,4000,0,0,0,0,0,0,0,0,0
0,258,4000,4000,0,0,0,0,0,0,0,0,0
0,259,4000,4000,0,0,0,0,0,0,0,0,0
0,260,4000,4000,0,0,0,0,0,0,0,0,0
0,261,4000,4000,0,0,0,0,0,0,0,0,0
0,262,4000,4000,0,0,0,0,0,0,0,0,0
0,263,4000,4000,0,0,0,0,0,0,0,0,0
0,264,4000,4000,0,0,0,0,0,0,0,0,0
0,265,4000,4000,0,0,0,0,0,0,0,0,0
0,266,4000,4000,0,0,0,0,0,0,0,0,0
0,267,4000,4000,0,0,0,0,0,0,0,0,0
0,268,4000,4000,0,0,0,0,0,0,0,0,0
0,269,4000,4000,0,0,0,0,0,0,0,0,0
0,270,4000,4000,0,0,0,0,0,0,0,0,0
0,271,4000,4000,0,0,0,0,0,0,0,0,0
0,272,4000,4000,0,0,0,0,0,0,0,0,0
0,273,4000,4000,0,0,0,0,0,0,0,0,0
0,274,4000,4000,0,0,0,0,0,0,0,0,0
0,275,4000,4000,0,0,0,0,0,0,0,0,0
0,276,4000,4000,0,0,0,0,0,0,0,0,0
0,277,4000,4000,0,0,0,0,0,0,0,0,0
0,278,4000,4000,0,0,0,0,0,0,0,0,0
0,279,4000,4000,0,0,0,0,0,0,0,0,0
0,280,4000,4000,0,0,0,0,0,0,0,0,0
0,281,4000,4000,0,0,0,0,0,0,0,0,0
0,282,4000,4000,0,0,0,0,0,0,0,0,0
0,283,4000,4000,0,0,0,0,0,0,0,0,0
0,284,4000,4000,0,0,0,0,0,0,0,0,0
0,285,4000,4000,0,0,0,0,0,0,0,0,0
0,286,4000,4000,0,0,0,0,0,0,0,0,0
0,287,4000,4000,0,0,0,0,0,0,0,0,0
0,288,4000,4000,0,0,0,0,0,0,0,0,0
0,289,4000,4000,0,0,0,0,0,0,0,0,0
0,290,4000,4000,0,0,0,0,0,0,0,0,0
0,291,4000,4000,0,0,0,0,0,0,0,0,0
0,292,4000,4000,0,0,0,0,0,0,0,0,0
0,293,4000,4000,0,0,0,0,0,0,0,0,0
0,294,4000,4000,0,0,0,0,0,0,0,0,0
0,295,4000,4000,0,0,0,0,0,0,0,0,0
0,296,4000,4000,0,0,0,0,0,0,0,0,0
0,297,4000,4000,0,0,0,0,0,0,0,0,0
0,298,4000,4000,0,0,0,0,0,0,0,0,0
0,299,4000,4000,0,0,0,0,0,0,0,0,0
0,300,4000,4000,0,0,0,0,0,0,0,0,0
0,301,4000,4000,0,0,0,0,0,0,0,0,0
0,302,4000,4000,0,0,0,0,0,0,0,0,0
0,303,4000,4000,0,0,0,0,0,0,0,0,0
0,304,4000,4000,0,0,0,0,0,0,0,0,0
0,305,4000,4000,0,0,0,0,0,0,0,0,0
0,306,4000,4000,0,0,0,0,0,0,0,0,0
0,307,4000,4000,0,0,0,0,0,0,0,0,0
0,308,4000,4000,0,0,0,0,0,0,0,0,0
0,309,4000,4000,0,0,0,0,0,0,0,0,0
0,310,4000,4000,0,0,0,0,0,0,0,0,0
0,311,4000,4000,0,0,0,0,0,0,0,0,0
0,312,4000,4000,0,0,0,0,0,0,0,0,0
0,313,4000,4000,0,0,0,0,0,0,0,0,0
0,314,4000,4000,0,0,0,0,0,0,0,0,0
0,315,4000,4000,0,0,0,0,0,0,0,0,0
0,316,4000,4000,0,0,0,0,0,0,0,0,0
0,317,4000,4000,0,0,0,0,0,0,0,0,0
0,318,4000,4000,0,0,0,0,0,0,0,0,0
0,319,4000,4000,0,0,0,0,0,0,0,0,0
0,320,4000,4000,0,0,0,0,0,0,0,0,0
0,321,4000,4000,0,0,0,0,0,0,0,0,0
0,322,4000,4000,0,0,0,0,0,0,0,0,0
0,323,4000,4000,0,0,0,0,0,0,0,0,0
0,324,4000,4000,0,0,0,0,0,0,0,0,0
0,325,4000,4000,0,0,0,0,0,0,0,0,0
0,326,4000,4000,0,0,0,0,0,0,0,0,0
0,327,4000,4000,0,0,0,0,0,0,0,0,0
0,328,4000,4000,0,0,0,0,0,0,0,0,0
0,329,4000,4000,0,0,0,0,0,0,0,0,0
0,330,4000,4000,0,0,0,0,0,0,0,0,0
0,331,4000,4000,0,0,0,0,0,0,0,0,0
0,332,4000,4000,0,0,0,0,0,0,0,0,0
0,333,4000,4000,0,0,0,0,0,0,0,0,0
0,334,4000,4000,0,0,0,0,0,0,0,0,0
0,335,4000,4000,0,0,0,0,0,0,0,0,0
0,336,4000,4000,0,0,0,0,0,0,0,0,0
0,337,4000,4000,0,0,0,0,0,0,0,0,0
0,338,4000,4000,0,0,0,0,0,0,0,0,0
0,339,4000,4000,0,0,0,0,0,0,0,0,0
0,340,4000,4000,0,0,0,0,0,0,0,0,0
0,341,4000,4000,0,0,0,0,0,0,0,0,0
0,342,4000,4000,0,0,0,0,0,0,0,0,0
0,343,4000,4000,0,0,0,0,0,0,0,0,0
0,344,4000,4000,0,0,0,0,0,0,0,0,0
0,345,4000,4000,0,0,0,0,0,0,0,0,0
0,346,4000,4000,0,0,0,0,0,0,0,0,0
0,347,4000,4000,0,0,0,0,0,0,0,0,0
0,348,4000,4000,0,0,0,0,0,0,0,0,0
0,349,4000,4000,0,0,0,0,0,0,0,0,0
0,350,4000,4000,0,0,0,0,0,0,0,0,0
0,351,4000,4000,0,0,0,0,0,0,0,0,0
0,352,4000,4000,0,0,0,0,0,0,0,0,0
0,353,4000,4000,0,0,0,0,0,0,0,0,0
0,354,4000,4000,0,0,0,0,0,0,0,0,0
0,355,4000,4000,0,0,0,0,0,0,0,0,0
0,356,4000,4000,0,0,0,0,0,0,0,0,0
0,357,4000,4000,0,0,0,0,0,0,0,0,0
0,358,4000,4000,0,0,0,0,0,0,0,0,0
0,359,4000,4000,0,0,0,0,0,0,0,0,0
0,360,4000,4000,0,0,0,0,0,0,0,0,0
0,361,4000,3997,0,0,0,0,0,1,2,0,0
0,362,4000,3978,10,0,5,1,0,2,4,0,0
0,363,4000,3945,20,0,14,5,3,7,6,0,0
0,364,4000,3912,29,0,23,9,5,12,10,0,0
0,365,4000,3867,42,0,37,15,9,15,15,0,0
0,366,4000,3821,52,0,47,20,16,22,22,0,0
0,367,4000,3760,74,0,60,22,27,26,31,0,0
0,368,4000,3696,100,0,72,25,30,35,42,0,0
0,369,4000,3636,118,0,88,34,35,43,46,0,0
0,370,4000,3573,133,0,103,40,44,52,55,0,0
0,371,4000,3490,157,0,123,46,53,59,72,0,0
0,372,4000,3408,181,0,145,55,64,62,85,0,0
0,373,4000,3335,206,0,160,60,76,64,99,0,0
0,374,4000,3241,230,0,186,69,87,70,117,0,0
0,375,4000,3155,256,0,205,74,101,73,136,0,0
0,376,4000,3078,281,0,217,82,112,79,151,0,0
0,377,4000,2994,292,0,236,93,130,84,171,0,0
0,378,4000,2914,316,0,255,98,140,89,188,0,0
0,379,4000,2838,333,0,278,105,157,89,200,0,0
0,380,4000,2732,354,0,301,112,179,103,219,0,0
0,381,4000,2663,373,0,318,118,191,99,238,0,0
0,382,4000,2581,385,0,343,129,200,100,262,0,0
0,383,4000,2491,400,0,365,140,220,104,280,0,0
0,384,4000,2424,408,0,383,145,238,110,292,0,0
0,385,4000,2357,418,0,405,151,255,110,304,0,0
0,386,4000,2289,430,0,421,156,270,103,331,0,0
0,387,4000,2229,440,0,435,164,283,103,346,0,0
0,388,4000,2145,455,0,453,170,303,106,368,0,0
0,389,4000,2088,459,0,471,181,319,102,380,0,0
0,390,4000,2046,463,0,483,187,328,99,394,0,0
0,391,4000,1988,469,0,492,188,346,103,414,0,0
0,392,4000,1943,473,0,499,190,364,99,432,0,0
0,393,4000,1901,476,0,506,194,376,93,454,0,0
0,394,4000,1864,478,0,511,196,395,86,470,0,0
0,395,4000,1817,480,0,517,196,416,85,489,0,0
0,396,4000,1772,481,0,526,195,432,87,507,0,0
0,397,4000,1734,481,0,534,198,445,85,523,0,0
0,398,4000,1693,482,0,542,200,464,85,534,0,0
0,399,4000,1664,482,0,549,200,478,80,547,0,0
0,400,4000,1619,483,0,553,200,499,81,565,0,0
0,401,4000,1568,483,0,561,202,519,85,582,0,0
0,402,4000,1527,483,0,566,202,534,84,604,0,0
0,403,4000,1492,483,0,571,202,552,80,620,0,0
0,404,4000,1456,483,0,576,203,566,84,632,0,0
0,405,4000,1435,483,0,581,203,576,75,647,0,0
0,406,4000,1403,483,0,585,204,592,72,661,0,0
0,407,4000,1380,483,0,589,204,611,63,670,0,0
0,408,4000,1354,484,0,590,204,625,60,683,0,0
0,409,4000,1308,484,0,590,206,643,65,704,0,0
0,410,4000,1275,484,0,593,205,657,70,716,0,0
0,411,4000,1257,484,0,592,205,670,65,727,0,0
0,412,4000,1224,484,0,594,203,685,67,743,0,0
0,413,4000,1200,484,0,596,203,697,64,756,0,0
0,414,4000,1160,485,0,603,203,716,67,766,0,0
0,415,4000,1137,485,0,604,203,736,64,771,0,0
0,416,4000,1116,485,0,600,203,748,66,782,0,0
0,417,4000,1077,485,0,602,204,767,70,795,0,0
0,418,4000,1039,485,0,609,205,787,70,805,0,0
0,419,4000,1013,485,0,613,205,803,71,810,0,0
0,420,4000,1000,485,0,616,204,812,68,815,0,0
0,421,4000,980,485,0,616,203,824,71,821,0,0
0,422,4000,958,485,0,615,202,834,75,831,0,0
0,423,4000,937,485,0,617,203,845,77,836,0,0
0,424,4000,916,485,0,618,201,853,80,847,0,0
0,425,4000,908,485,0,620,199,864,73,851,0,0
0,426,4000,888,485,0,622,200,875,72,858,0,0
0,427,4000,881,485,0,622,200,882,69,861,0,0
0,428,4000,874,485,0,624,197,896,61,863,0,0
0,429,4000,859,485,0,623,195,910,63,865,0,0
0,430,4000,847,485,0,626,195,921,61,865,0,0
0,431,4000,839,485,0,624,196,935,57,864,0,0
0,432,4000,828,485,0,624,195,942,59,867,0,0
0,433,4000,831,485,0,624,194,944,54,868,0,0
0,434,4000,816,485,0,623,194,954,55,873,0,0
0,435,4000,799,485,0,624,193,967,56,876,0,0
0,436,4000,789,485,0,622,193,976,54,881,0,0
0,437,4000,774,485,0,623,194,991,52,881,0,0
0,438,4000,761,485,0,626,192,1000,53,883,0,0
0,439,4000,752,485,0,624,190,1009,55,885,0,0
0,440,4000,746,485,0,622,188,1019,54,886,0,0
0,441,4000,741,485,0,620,188,1024,57,885,0,0
0,442,4000,727,485,0,621,187,1031,58,891,0,0
0,443,4000,726,485,0,620,187,1038,55,889,0,0
0,444,4000,717,485,0,616,186,1045,60,891,0,0
0,445,4000,707,485,0,615,184,1055,62,892,0,0
0,446,4000,700,485,0,614,185,1061,61,894,0,0
0,447,4000,690,485,0,616,184,1071,59,895,0,0
0,448,4000,670,485,0,617,187,1083,62,896,0,0
0,449,4000,659,485,0,618,185,1088,69,896,0,0
0,450,4000,650,485,0,618,185,1095,69,898,0,0
0,451,4000,644,485,0,617,187,1104,64,899,0,0
0,452,4000,643,485,0,616,186,1110,60,900,0,0
0,453,4000,647,485,0,618,187,1114,54,895,0,0
0,454,4000,636,485,0,614,187,1123,59,896,0,0
0,455,4000,631,485,0,616,188,1132,54,894,0,0
0,456,4000,627,485,0,614,189,1144,48,893,0,0
0,457,4000,627,485,0,612,188,1148,45,895,0,0
0,458,4000,619,485,0,614,188,1152,45,897,0,0
0,459,4000,626,485,0,613,189,1150,41,896,0,0
0,460,4000,618,485,0,614,188,1153,43,899,0,0
0,461,4000,616,485,0,613,184,1161,42,899,0,0
0,462,4000,611,485,0,612,187,1167,39,899,0,0
0,463,4000,598,485,0,616,186,1174,39,902,0,0
0,464,4000,599,485,0,613,183,1174,41,905,0,0
0,465,4000,595,485,0,615,183,1174,40,908,0,0
0,466,4000,589,485,0,617,186,1176,40,907,0,0
0,467,4000,589,485,0,615,184,1180,40,907,0,0
0,468,4000,584,485,0,613,186,1184,43,905,0,0
0,469,4000,570,485,0,614,186,1192,46,907,0,0
0,470,4000,568,486,0,611,184,1201,44,906,0,0
0,471,4000,565,486,0,612,183,1201,46,907,0,0
0,472,4000,566,486,0,609,183,1208,43,905,0,0
0,473,4000,568,486,0,608,182,1210,41,905,0,0
0,474,4000,569,486,0,604,183,1211,39,908,0,0
0,475,4000,571,486,0,601,183,1214,37,908,0,0
0,476,4000,565,486,0,601,182,1220,40,906,0,0
0,477,4000,560,486,0,604,184,1222,39,905,0,0
0,478,4000,559,486,0,598,184,1226,47,900,0,0
0,479,4000,568,486,0,589,184,1227,44,902,0,0
0,480,4000,577,486,0,586,181,1229,43,898,0,0
0,481,4000,573,486,0,583,180,1237,44,897,0,0
0,482,4000,565,486,0,585,180,1245,44,895,0,0
0,483,4000,561,486,0,582,179,1252,46,894,0,0
0,484,4000,568,486,0,577,181,1253,44,891,0,0
0,485,4000,580,486,0,569,183,1251,41,890,0,0
0,486,4000,583,486,0,565,182,1252,40,892,0,0
0,487,4000,586,486,0,558,181,1254,40,895,0,0
0,488,4000,579,486,0,556,182,1265,39,893,0,0
0,489,4000,582,486,0,553,183,1268,37,891,0,0
0,490,4000,584,486,0,551,183,1274,34,888,0,0
0,491,4000,584,486,0,548,182,1285,34,881,0,0
0,492,4000,586,486,0,544,184,1289,31,880,0,0
0,493,4000,587,486,0,535,185,1291,37,879,0,0
0,494,4000,593,486,0,532,183,1287,44,875,0,0
0,495,4000,583,486,0,533,186,1289,51,872,0,0
0,496,4000,584,486,0,532,187,1290,52,869,0,0
0,497,4000,590,486,0,527,185,1294,51,867,0,0
0,498,4000,593,486,0,520,184,1299,55,863,0,0
0,499,4000,592,486,0,519,184,1297,58,864,0,0
0,500,4000,607,486,0,513,184,1297,58,855,0,0
0,501,4000,610,486,0,504,183,1306,60,851,0,0
0,502,4000,614,486,0,506,181,1308,57,848,0,0
0,503,4000,623,486,0,505,182,1309,48,847,0,0
0,504,4000,625,486,0,500,181,1313,49,846,0,0
0,505,4000,633,486,0,497,181,1309,47,847,0,0
0,506,4000,637,486,0,495,183,1312,43,844,0,0
0,507,4000,649,486,0,489,181,1314,40,841,0,0
0,508,4000,655,486,0,483,179,1317,36,844,0,0
0,509,4000,664,486,0,485,177,1317,37,834,0,0
0,510,4000,671,486,0,485,175,1316,37,830,0,0
0,511,4000,656,486,0,485,177,1319,45,832,0,0
0,512,4000,658,486,0,482,176,1322,48,828,0,0
0,513,4000,663,486,0,479,176,1320,49,827,0,0
0,514,4000,666,487,0,472,173,1325,51,826,0,0
0,515,4000,665,487,0,468,175,1329,50,826,0,0
0,516,4000,685,487,0,461,175,1322,50,820,0,0
0,517,4000,684,487,0,461,176,1326,49,817,0,0
0,518,4000,672,487,0,464,181,1327,49,820,0,0
0,519,4000,682,487,0,463,180,1321,49,818,0,0
0,520,4000,681,487,0,463,181,1322,46,820,0,0
0,521,4000,675,487,0,462,182,1334,45,815,0,0
0,522,4000,683,487,0,461,182,1333,38,816,0,0
0,523,4000,693,487,0,456,182,1336,34,812,0,0
0,524,4000,702,487,0,444,180,1339,35,813,0,0
0,525,4000,706,487,0,442,181,1339,37,808,0,0
0,526,4000,711,487,0,440,181,1335,41,805,0,0
0,527,4000,719,487,0,439,183,1328,40,804,0,0
0,528,4000,729,487,0,441,182,1323,39,799,0,0
0,529,4000,729,487,0,439,186,1328,36,795,0,0
0,530,4000,729,487,0,438,180,1332,41,793,0,0
0,531,4000,737,487,0,435,179,1332,39,791,0,0
0,532,4000,733,487,0,439,180,1334,38,789,0,0
0,533,4000,745,487,0,436,179,1329,35,789,0,0
0,534,4000,743,487,0,433,183,1330,37,787,0,0
0,535,4000,744,488,0,429,182,1332,36,789,0,0
0,536,4000,753,488,0,428,180,1325,38,788,0,0
0,537,4000,750,488,0,430,181,1324,41,786,0,0
0,538,4000,744,488,0,432,180,1323,41,792,0,0
0,539,4000,742,488,0,436,181,1320,42,791,0,0
0,540,4000,755,488,0,430,179,1315,43,790,0,0
0,541,4000,754,488,0,431,181,1316,42,788,0,0
0,542,4000,755,488,0,428,181,1318,47,783,0,0
0,543,4000,758,488,0,422,178,1325,50,779,0,0
0,544,4000,763,488,0,421,176,1320,54,778,0,0
0,545,4000,780,488,0,417,174,1314,52,775,0,0
0,546,4000,782,488,0,415,173,1312,54,776,0,0
0,547,4000,793,488,0,419,171,1308,50,771,0,0
0,548,4000,790,488,0,422,172,1312,45,771,0,0
0,549,4000,806,488,0,417,171,1309,43,766,0,0
0,550,4000,810,488,0,414,172,1308,44,764,0,0
0,551,4000,815,488,0,414,174,1305,41,763,0,0
0,552,4000,817,488,0,410,178,1301,40,766,0,0
0,553,4000,830,488,0,409,180,1293,37,763,0,0
0,554,4000,832,488,0,406,178,1295,39,762,0,0
0,555,4000,833,488,0,408,175,1298,37,761,0,0
0,556,4000,839,488,0,404,173,1297,36,763,0,0
0,557,4000,854,488,0,396,176,1296,32,758,0,0
0,558,4000,867,488,0,393,175,1291,30,756,0,0
0,559,4000,873,488,0,390,169,1290,31,759,0,0
0,560,4000,869,488,0,390,170,1289,35,759,0,0
0,561,4000,863,488,0,386,173,1291,39,760,0,0
0,562,4000,867,488,0,385,172,1289,43,756,0,0
0,563,4000,870,488,0,386,168,1288,45,755,0,0
0,564,4000,877,488,0,388,165,1284,46,752,0,0
0,565,4000,879,488,0,390,166,1288,46,743,0,0
0,566,4000,881,488,0,389,164,1285,51,742,0,0
0,567,4000,882,488,0,384,163,1289,53,741,0,0
0,568,4000,893,488,0,381,163,1291,48,736,0,0
0,569,4000,885,488,0,386,161,1293,50,737,0,0
0,570,4000,886,488,0,381,160,1294,53,738,0,0
0,571,4000,893,488,0,385,159,1289,50,736,0,0
0,572,4000,893,488,0,387,157,1289,51,735,0,0
0,573,4000,900,488,0,387,154,1288,52,731,0,0
0,574,4000,909,488,0,385,153,1287,51,727,0,0
0,575,4000,907,488,0,391,152,1292,46,724,0,0
0,576,4000,919,488,0,393,151,1285,44,720,0,0
0,577,4000,926,488,0,390,148,1284,45,719,0,0
0,578,4000,931,488,0,393,147,1283,41,717,0,0
0,579,4000,939,488,0,393,148,1282,39,711,0,0
0,580,4000,952,488,0,388,145,1279,42,706,0,0
0,581,4000,952,488,0,389,141,1276,50,704,0,0
0,582,4000,961,488,0,387,140,1276,46,702,0,0
0,583,4000,966,488,0,389,140,1269,48,700,0,0
0,584,4000,954,488,0,392,143,1272,48,703,0,0
0,585,4000,961,488,0,394,139,1273,45,700,0,0
0,586,4000,961,488,0,394,138,1276,45,698,0,0
0,587,4000,961,488,0,397,136,1275,46,697,0,0
0,588,4000,954,488,0,402,135,1277,47,697,0,0
0,589,4000,945,488,0,403,133,1278,53,700,0,0
0,590,4000,939,488,0,409,131,1281,52,700,0,0
0,591,4000,940,488,0,413,130,1273,57,699,0,0
0,592,4000,943,488,0,416,131,1267,57,698,0,0
0,593,4000,955,488,0,414,130,1260,57,696,0,0
0,594,4000,968,488,0,415,127,1257,54,691,0,0
0,595,4000,974,488,0,413,127,1254,53,691,0,0
0,596,4000,960,488,0,416,128,1255,58,695,0,0
0,597,4000,953,488,0,411,132,1257,62,697,0,0
0,598,4000,968,488,0,413,132,1250,56,693,0,0
0,599,4000,962,488,0,414,133,1250,54,699,0,0
0,600,4000,961,488,0,415,136,1246,52,702,0,0
0,601,4000,960,488,0,420,138,1240,52,702,0,0
0,602,4000,967,488,0,419,138,1234,48,706,0,0
0,603,4000,987,488,0,419,133,1223,44,706,0,0
0,604,4000,974,488,0,429,128,1225,43,713,0,0
0,605,4000,982,488,0,425,126,1222,44,713,0,0
0,606,4000,979,488,0,427,125,1217,47,717,0,0
0,607,4000,984,488,0,427,124,1216,45,716,0,0
0,608,4000,982,488,0,430,118,1219,44,719,0,0
0,609,4000,972,488,0,438,120,1221,43,718,0,0
0,610,4000,977,488,0,435,122,1214,43,721,0,0
0,611,4000,964,488,0,437,129,1216,47,719,0,0
0,612,4000,968,488,0,435,126,1217,48,718,0,0
0,613,4000,982,488,0,431,128,1215,47,709,0,0
0,614,4000,981,488,0,436,124,1208,53,710,0,0
0,615,4000,986,488,0,439,126,1200,52,709,0,0
0,616,4000,985,488,0,441,128,1193,52,713,0,0
0,617,4000,1000,488,0,437,129,1186,51,709,0,0
0,618,4000,1010,488,0,438,129,1186,47,702,0,0
0,619,4000,1012,488,0,438,131,1186,46,699,0,0
0,620,4000,1019,488,0,440,129,1182,46,696,0,0
0,621,4000,1028,488,0,436,126,1185,51,686,0,0
0,622,4000,1027,488,0,435,126,1185,52,687,0,0
0,623,4000,1032,488,0,435,124,1183,54,684,0,0
0,624,4000,1045,488,0,432,125,1178,56,676,0,0
0,625,4000,1048,488,0,437,122,1179,59,667,0,0
0,626,4000,1062,488,0,443,121,1169,57,660,0,0
0,627,4000,1063,488,0,446,123,1166,57,657,0,0
0,628,4000,1062,488,0,449,123,1163,61,654,0,0
0,629,4000,1091,488,0,449,120,1155,58,639,0,0
0,630,4000,1090,488,0,451,121,1156,57,637,0,0
0,631,4000,1104,488,0,452,115,1157,54,630,0,0
0,632,4000,1112,488,0,453,115,1155,49,628,0,0
0,633,4000,1125,488,0,452,114,1150,51,620,0,0
0,634,4000,1137,488,0,454,115,1146,49,611,0,0
0,635,4000,1141,488,0,459,118,1140,48,606,0,0
0,636,4000,1155,488,0,462,110,1143,44,598,0,0
0,637,4000,1155,488,0,469,109,1132,49,598,0,0
0,638,4000,1169,488,0,470,103,1125,57,588,0,0
0,639,4000,1185,488,0,475,100,1114,61,577,0,0
0,640,4000,1191,488,0,476,95,1112,60,578,0,0
0,641,4000,1198,488,0,478,94,1107,58,577,0,0
0,642,4000,1206,488,0,481,94,1102,60,569,0,0
0,643,4000,1215,488,0,487,91,1093,63,563,0,0
0,644,4000,1212,488,0,495,92,1085,66,562,0,0
0,645,4000,1213,488,0,502,98,1081,67,551,0,0
0,646,4000,1223,488,0,502,100,1079,66,542,0,0
0,647,4000,1249,488,0,498,96,1069,68,532,0,0
0,648,4000,1263,488,0,493,93,1063,69,531,0,0
0,649,4000,1269,488,0,493,94,1055,68,533,0,0
0,650,4000,1270,488,0,498,93,1056,68,527,0,0
0,651,4000,1273,488,0,502,93,1051,62,531,0,0
0,652,4000,1262,488,0,505,97,1050,68,530,0,0
0,653,4000,1279,488,0,509,93,1043,65,523,0,0
0,654,4000,1280,488,0,512,96,1045,61,518,0,0
0,655,4000,1293,488,0,514,93,1038,59,515,0,0
0,656,4000,1302,488,0,517,93,1043,51,506,0,0
0,657,4000,1298,488,0,518,94,1045,51,506,0,0
0,658,4000,1292,488,0,520,98,1045,53,504,0,0
0,659,4000,1307,488,0,522,94,1043,48,498,0,0
0,660,4000,1313,488,0,522,91,1045,49,492,0,0
0,661,4000,1321,488,0,526,91,1038,46,490,0,0
0,662,4000,1340,478,0,525,90,1036,44,487,0,0
0,663,4000,1358,468,0,522,90,1035,38,489,0,0
0,664,4000,1377,459,0,520,89,1035,37,483,0,0
0,665,4000,1400,447,0,522,88,1034,35,474,0,0
0,666,4000,1408,437,0,525,84,1032,37,477,0,0
0,667,4000,1426,416,0,524,88,1033,38,475,0,0
0,668,4000,1446,395,0,525,93,1021,43,477,0,0
0,669,4000,1460,383,0,529,88,1021,45,474,0,0
0,670,4000,1459,375,0,534,86,1025,47,474,0,0
0,671,4000,1484,356,0,535,86,1016,50,473,0,0
0,672,4000,1505,339,0,534,89,1010,56,467,0,0
0,673,4000,1524,321,0,533,89,1006,54,473,0,0
0,674,4000,1540,312,0,533,86,1009,55,465,0,0
0,675,4000,1544,309,0,538,88,1010,53,458,0,0
0,676,4000,1546,301,0,538,91,1013,59,452,0,0
0,677,4000,1558,305,0,537,90,1005,57,448,0,0
0,678,4000,1580,296,0,536,91,996,55,446,0,0
0,679,4000,1576,300,0,536,88,993,59,448,0,0
0,680,4000,1587,297,0,536,89,990,56,445,0,0
0,681,4000,1585,297,0,536,89,991,55,447,0,0
0,682,4000,1574,307,0,537,91,991,57,443,0,0
0,683,4000,1588,307,0,539,93,984,52,437,0,0
0,684,4000,1589,315,0,537,96,976,52,435,0,0
0,685,4000,1586,325,0,541,96,973,50,429,0,0
0,686,4000,1581,337,0,542,94,974,51,421,0,0
0,687,4000,1560,349,0,544,97,976,47,427,0,0
0,688,4000,1564,347,0,541,93,981,46,428,0,0
0,689,4000,1560,361,0,540,93,979,42,425,0,0
0,690,4000,1550,368,0,541,91,980,45,425,0,0
0,691,4000,1551,380,0,542,89,974,43,421,0,0
0,692,4000,1543,387,0,544,87,973,45,421,0,0
0,693,4000,1545,397,0,538,86,970,46,418,0,0
0,694,4000,1542,409,0,539,86,966,44,414,0,0
0,695,4000,1544,415,0,538,85,959,43,416,0,0
0,696,4000,1546,425,0,539,84,958,39,409,0,0
0,697,4000,1537,429,0,543,82,958,42,409,0,0
0,698,4000,1537,434,0,538,83,959,41,408,0,0
0,699,4000,1523,438,0,539,82,962,45,411,0,0
0,700,4000,1523,448,0,542,79,958,46,404,0,0
0,701,4000,1526,453,0,541,78,954,45,403,0,0
0,702,4000,1519,464,0,544,76,948,50,399,0,0
0,703,4000,1519,469,0,537,72,954,52,397,0,0
0,704,4000,1528,471,0,533,69,954,48,397,0,0
0,705,4000,1531,474,0,534,69,949,50,393,0,0
0,706,4000,1525,475,0,535,71,957,47,390,0,0
0,707,4000,1526,475,0,535,71,961,50,382,0,0
0,708,4000,1526,476,0,535,71,961,53,378,0,0
0,709,4000,1521,476,0,537,71,959,55,381,0,0
0,710,4000,1519,478,0,536,74,958,56,379,0,0
0,711,4000,1524,478,0,533,76,959,55,375,0,0
0,712,4000,1528,479,0,533,74,956,58,372,0,0
0,713,4000,1542,480,0,531,71,952,52,372,0,0
0,714,4000,1547,479,0,529,69,957,50,369,0,0
0,715,4000,1559,479,0,524,68,948,52,370,0,0
0,716,4000,1565,480,0,522,66,945,53,369,0,0
0,717,4000,1572,480,0,519,66,944,49,370,0,0
0,718,4000,1576,480,0,519,68,945,47,365,0,0
0,719,4000,1567,480,0,522,69,945,50,367,0,0
0,720,4000,1571,480,0,519,76,938,53,363,0,0
0,721,4000,1577,481,0,516,76,940,54,356,0,0
0,722,4000,1581,481,10,514,78,936,45,355,0,0
0,723,4000,1581,481,17,517,80,935,39,350,0,0
0,724,4000,1588,481,25,519,77,931,34,345,0,0
0,725,4000,1589,481,30,518,78,924,32,348,0,0
0,726,4000,1588,481,36,515,75,920,32,353,0,0
0,727,4000,1592,481,40,511,76,913,33,354,0,0
0,728,4000,1585,481,49,509,81,910,33,352,0,0
0,729,4000,1578,481,53,509,85,912,35,347,0,0
0,730,4000,1570,481,64,512,80,907,39,347,0,0
0,731,4000,1575,481,69,511,79,907,37,341,0,0
0,732,4000,1579,481,75,508,80,903,40,334,0,0
0,733,4000,1591,481,78,505,78,903,39,325,0,0
0,734,4000,1593,481,81,505,78,898,39,325,0,0
0,735,4000,1599,481,87,504,79,895,31,324,0,0
0,736,4000,1593,481,94,500,81,897,34,320,0,0
0,737,4000,1587,481,104,498,81,892,38,319,0,0
0,738,4000,1588,481,108,494,82,889,39,319,0,0
0,739,4000,1600,481,111,497,81,880,41,309,0,0
0,740,4000,1601,481,117,496,83,877,41,304,0,0
0,741,4000,1608,481,121,494,83,874,36,303,0,0
0,742,4000,1629,481,127,486,82,862,38,295,0,0
0,743,4000,1637,481,130,485,84,851,35,297,0,0
0,744,4000,1638,481,136,481,84,846,39,295,0,0
0,745,4000,1649,481,140,479,79,842,37,293,0,0
0,746,4000,1661,481,143,479,78,833,35,290,0,0
0,747,4000,1674,481,146,480,75,827,29,288,0,0
0,748,4000,1683,481,151,478,72,815,34,286,0,0
0,749,4000,1688,481,156,476,69,810,32,288,0,0
0,750,4000,1672,481,162,476,73,813,33,290,0,0
0,751,4000,1685,481,166,470,72,808,34,284,0,0
0,752,4000,1683,481,173,466,72,801,37,287,0,0
0,753,4000,1689,481,174,466,77,793,40,280,0,0
0,754,4000,1699,481,178,460,77,792,37,276,0,0
0,755,4000,1701,481,184,466,76,780,34,278,0,0
0,756,4000,1701,481,187,470,73,769,37,282,0,0
0,757,4000,1718,481,192,467,74,761,35,272,0,0
0,758,4000,1717,481,198,466,75,758,36,269,0,0
0,759,4000,1723,481,202,467,73,759,30,265,0,0
0,760,4000,1741,481,208,462,68,750,29,261,0,0
0,761,4000,1735,481,215,464,69,748,32,256,0,0
0,762,4000,1744,481,214,461,67,748,33,252,0,0
0,763,4000,1765,481,209,459,64,742,31,249,0,0
0,764,4000,1780,481,208,459,61,733,32,246,0,0
0,765,4000,1796,481,204,457,61,732,28,241,0,0
0,766,4000,1799,481,202,458,61,730,26,243,0,0
0,767,4000,1806,481,204,453,60,727,27,242,0,0
0,768,4000,1817,481,200,453,60,718,26,245,0,0
0,769,4000,1823,481,204,452,59,714,28,239,0,0
0,770,4000,1846,480,196,450,57,704,26,241,0,0
0,771,4000,1860,480,196,445,58,697,23,241,0,0
0,772,4000,1865,480,193,443,60,692,26,241,0,0
0,773,4000,1874,480,196,435,58,688,25,244,0,0
0,774,4000,1875,480,199,434,56,681,31,244,0,0
0,775,4000,1868,480,199,435,56,685,32,245,0,0
0,776,4000,1868,481,200,437,59,678,34,243,0,0
0,777,4000,1884,481,193,436,56,673,37,240,0,0
0,778,4000,1890,481,197,435,55,666,39,237,0,0
0,779,4000,1895,481,200,432,53,661,40,238,0,0
0,780,4000,1878,481,207,433,59,662,43,237,0,0
0,781,4000,1883,481,210,433,60,655,42,236,0,0
0,782,4000,1883,482,211,433,59,648,46,238,0,0
0,783,4000,1889,482,216,432,59,640,46,236,0,0
0,784,4000,1889,482,215,429,59,641,51,234,0,0
0,785,4000,1895,482,217,426,58,635,54,233,0,0
0,786,4000,1894,482,223,425,61,623,62,230,0,0
0,787,4000,1886,482,236,420,60,620,64,232,0,0
0,788,4000,1883,482,240,421,61,624,59,230,0,0
0,789,4000,1883,482,240,420,65,623,54,233,0,0
0,790,4000,1892,482,241,421,64,618,51,231,0,0
0,791,4000,1896,482,243,416,67,615,50,231,0,0
0,792,4000,1903,482,245,417,65,609,49,230,0,0
0,793,4000,1893,482,249,417,70,609,52,228,0,0
0,794,4000,1899,482,252,413,71,607,51,225,0,0
0,795,4000,1913,482,256,409,71,602,45,222,0,0
0,796,4000,1911,481,261,405,76,599,45,222,0,0
0,797,4000,1907,481,266,406,75,593,47,225,0,0
0,798,4000,1901,481,268,403,75,593,52,227,0,0
0,799,4000,1913,481,273,399,74,584,49,227,0,0
0,800,4000,1928,481,272,401,71,576,43,228,0,0
0,801,4000,1932,481,272,396,68,572,49,230,0,0
0,802,4000,1951,481,271,392,69,560,47,229,0,0
0,803,4000,1954,481,276,389,63,561,50,226,0,0
0,804,4000,1950,481,280,389,65,555,51,229,0,0
0,805,4000,1949,481,283,387,68,552,50,230,0,0
0,806,4000,1950,481,288,387,69,550,46,229,0,0
0,807,4000,1957,481,287,387,67,551,42,228,0,0
0,808,4000,1977,481,289,383,69,535,38,228,0,0
0,809,4000,1983,482,292,377,71,535,32,228,0,0
0,810,4000,1996,483,297,371,70,526,35,222,0,0
0,811,4000,2005,483,298,366,71,517,37,223,0,0
0,812,4000,1989,483,302,375,71,517,41,222,0,0
0,813,4000,1995,483,305,371,71,516,38,221,0,0
0,814,4000,1987,482,308,371,73,516,39,224,0,0
0,815,4000,1983,482,308,369,73,515,42,228,0,0
0,816,4000,1987,482,306,372,71,512,40,230,0,0
0,817,4000,1986,482,312,370,71,504,48,227,0,0
0,818,4000,1987,482,314,369,74,499,52,223,0,0
0,819,4000,1976,483,315,369,75,497,58,227,0,0
0,820,4000,1989,483,306,363,75,494,59,231,0,0
0,821,4000,1983,483,306,365,80,491,59,233,0,0
0,822,4000,1985,482,303,365,80,490,62,233,0,0
0,823,4000,1996,482,306,355,82,478,63,238,0,0
0,824,4000,1994,482,313,355,81,474,58,243,0,0
0,825,4000,2013,482,313,347,75,472,55,243,0,0
0,826,4000,2008,482,312,348,79,474,57,240,0,0
0,827,4000,2001,482,305,345,82,484,59,242,0,0
0,828,4000,2005,483,304,344,81,482,61,240,0,0
0,829,4000,1992,483,309,344,83,482,59,248,0,0
0,830,4000,1997,482,309,341,80,479,61,251,0,0
0,831,4000,1995,482,311,347,80,468,60,257,0,0
0,832,4000,2008,482,314,333,81,466,60,256,0,0
0,833,4000,2008,482,313,333,82,467,59,256,0,0
0,834,4000,2020,482,318,330,77,462,57,254,0,0
0,835,4000,2033,481,319,330,75,458,50,254,0,0
0,836,4000,2048,483,314,328,68,451,50,258,0,0
0,837,4000,2035,483,317,328,70,451,52,264,0,0
0,838,4000,2038,483,317,330,70,443,51,268,0,0
0,839,4000,2046,482,318,330,71,432,54,267,0,0
0,840,4000,2041,482,324,335,74,424,54,266,0,0
0,841,4000,2059,482,317,327,69,426,53,267,0,0
0,842,4000,2053,482,309,329,67,430,59,271,0,0
0,843,4000,2052,483,302,332,66,430,57,278,0,0
0,844,4000,2071,483,291,318,67,432,59,279,0,0
0,845,4000,2074,483,287,321,66,428,62,279,0,0
0,846,4000,2077,484,278,319,62,428,67,285,0,0
0,847,4000,2068,484,273,323,61,441,66,284,0,0
0,848,4000,2056,483,266,325,61,453,71,285,0,0
0,849,4000,2060,482,255,329,60,453,69,292,0,0
0,850,4000,2044,482,247,331,66,456,72,302,0,0
0,851,4000,2040,483,241,327,67,468,66,308,0,0
0,852,4000,2046,483,234,322,66,463,71,315,0,0
0,853,4000,2047,483,225,318,71,465,73,318,0,0
0,854,4000,2044,484,216,317,70,470,70,329,0,0
0,855,4000,2032,484,210,318,70,480,73,333,0,0
0,856,4000,2021,482,204,321,73,481,81,337,0,0
0,857,4000,2022,482,195,325,74,478,81,343,0,0
0,858,4000,2025,482,185,321,76,476,84,351,0,0
0,859,4000,2011,483,178,321,76,487,84,360,0,0
0,860,4000,2008,483,174,314,79,488,86,368,0,0
0,861,4000,1990,483,167,322,80,496,79,383,0,0
0,862,4000,1983,484,163,323,83,502,77,385,0,0
0,863,4000,1980,484,152,331,81,502,79,391,0,0
0,864,4000,1981,484,140,334,82,500,80,399,0,0
0,865,4000,1963,484,134,337,81,512,86,403,0,0
0,866,4000,1957,483,126,340,80,509,89,416,0,0
0,867,4000,1973,483,117,332,80,505,88,422,0,0
0,868,4000,1978,483,109,328,83,502,87,430,0,0
0,869,4000,1976,484,99,327,82,507,92,433,0,0
0,870,4000,1977,484,92,332,81,507,87,440,0,0
0,871,4000,1971,484,84,335,86,504,89,447,0,0
0,872,4000,1988,484,72,342,82,509,78,445,0,0
0,873,4000,2002,485,68,340,75,511,74,445,0,0
0,874,4000,2009,484,56,337,74,512,76,452,0,0
0,875,4000,2016,484,45,332,81,505,81,456,0,0
0,876,4000,2009,484,42,329,78,512,83,463,0,0
0,877,4000,2007,484,29,331,77,518,80,474,0,0
0,878,4000,2002,484,21,334,79,519,79,482,0,0
0,879,4000,1992,483,11,335,77,529,82,491,0,0
0,880,4000,1977,484,0,336,77,536,80,510,0,0
0,881,4000,1965,484,0,335,74,543,84,515,0,0
0,882,4000,1948,483,0,336,76,549,82,526,0,0
0,883,4000,1927,482,0,331,77,561,88,534,0,0
0,884,4000,1921,482,0,331,76,564,90,536,0,0
0,885,4000,1903,482,0,327,80,562,97,549,0,0
0,886,4000,1878,482,0,335,83,573,93,556,0,0
0,887,4000,1865,482,0,335,82,573,99,564,0,0
0,888,4000,1837,484,0,341,82,587,105,564,0,0
0,889,4000,1823,485,0,348,82,595,97,570,0,0
0,890,4000,1813,486,0,349,83,604,91,574,0,0
0,891,4000,1810,485,0,348,85,607,80,585,0,0
0,892,4000,1800,485,0,342,83,610,84,596,0,0
0,893,4000,1777,484,0,348,84,617,83,607,0,0
0,894,4000,1761,484,0,344,91,621,89,610,0,0
0,895,4000,1737,484,0,345,91,637,91,615,0,0
0,896,4000,1725,484,0,347,93,645,89,617,0,0
0,897,4000,1698,484,0,352,96,654,94,622,0,0
0,898,4000,1675,484,0,351,90,670,101,629,0,0
0,899,4000,1694,486,0,340,90,668,91,631,0,0
0,900,4000,1700,486,0,341,90,661,87,635,0,0
0,901,4000,1688,486,0,339,90,669,91,637,0,0
0,902,4000,1682,486,12,341,86,667,89,637,0,0
0,903,4000,1664,486,30,343,86,665,87,639,0,0
0,904,4000,1638,486,44,352,85,666,88,641,0,0
0,905,4000,1630,486,51,355,83,665,87,643,0,0
0,906,4000,1633,487,58,346,84,659,85,648,0,0
0,907,4000,1625,487,67,346,87,648,92,648,0,0
0,908,4000,1610,485,82,351,87,642,93,650,0,0
0,909,4000,1615,483,93,338,87,637,95,652,0,0
0,910,4000,1611,482,104,342,84,632,98,647,0,0
0,911,4000,1616,482,109,334,81,637,100,641,0,0
0,912,4000,1629,482,117,324,84,634,90,640,0,0
0,913,4000,1640,482,123,322,79,635,86,633,0,0
0,914,4000,1635,483,133,325,78,632,81,633,0,0
0,915,4000,1636,484,144,323,76,626,79,632,0,0
0,916,4000,1646,484,153,317,75,626,78,621,0,0
0,917,4000,1637,485,166,317,71,625,80,619,0,0
0,918,4000,1643,485,172,312,72,625,75,616,0,0
0,919,4000,1627,484,178,311,74,629,82,615,0,0
0,920,4000,1609,483,188,316,75,636,79,614,0,0
0,921,4000,1607,483,199,316,71,635,82,607,0,0
0,922,4000,1597,483,209,312,73,638,85,603,0,0
0,923,4000,1581,483,221,314,73,646,86,596,0,0
0,924,4000,1576,483,227,305,71,653,85,600,0,0
0,925,4000,1556,484,235,307,73,657,86,602,0,0
0,926,4000,1550,483,240,309,72,659,87,600,0,0
0,927,4000,1538,485,249,315,70,657,86,600,0,0
0,928,4000,1520,485,257,307,70,663,94,604,0,0
0,929,4000,1486,486,269,316,71,668,100,604,0,0
0,930,4000,1471,486,284,318,77,666,100,598,0,0
0,931,4000,1464,486,292,324,73,661,101,599,0,0
0,932,4000,1440,487,304,325,72,664,106,602,0,0
0,933,4000,1427,487,313,325,74,665,104,605,0,0
0,934,4000,1430,486,315,325,72,666,104,602,0,0
0,935,4000,1424,485,322,330,73,663,103,600,0,0
0,936,4000,1418,485,330,324,77,664,99,603,0,0
0,937,4000,1410,484,341,318,77,674,92,604,0,0
0,938,4000,1415,484,350,321,80,671,81,598,0,0
0,939,4000,1395,483,360,320,83,677,82,600,0,0
0,940,4000,1394,485,365,318,84,677,76,601,0,0
0,941,4000,1377,485,380,314,88,678,75,603,0,0
0,942,4000,1390,485,376,314,83,680,72,600,0,0
0,943,4000,1407,485,367,310,81,676,65,609,0,0
0,944,4000,1414,486,356,321,82,664,66,611,0,0
0,945,4000,1406,485,349,322,81,673,64,620,0,0
0,946,4000,1408,485,349,313,80,678,64,623,0,0
0,947,4000,1423,483,345,304,81,677,64,623,0,0
0,948,4000,1420,483,338,305,84,686,61,623,0,0
0,949,4000,1420,483,335,306,83,689,58,626,0,0
0,950,4000,1417,484,333,305,82,697,64,618,0,0
0,951,4000,1417,484,333,299,82,697,69,619,0,0
0,952,4000,1435,483,331,306,77,686,66,616,0,0
0,953,4000,1422,483,335,306,76,695,64,619,0,0
0,954,4000,1394,483,333,313,80,713,63,621,0,0
0,955,4000,1389,484,328,312,83,720,68,616,0,0
0,956,4000,1381,484,333,316,80,719,68,619,0,0
0,957,4000,1384,484,325,314,82,725,64,622,0,0
0,958,4000,1372,485,333,306,79,733,66,626,0,0
0,959,4000,1354,485,333,315,77,738,67,631,0,0
0,960,4000,1348,483,335,312,78,751,66,627,0,0
0,961,4000,1367,484,331,303,81,754,56,624,0,0
0,962,4000,1385,484,338,294,85,748,49,617,0,0
0,963,4000,1391,484,346,286,84,754,46,609,0,0
0,964,4000,1409,483,349,272,80,766,40,601,0,0
0,965,4000,1424,483,352,262,81,771,33,594,0,0
0,966,4000,1421,484,370,257,80,774,25,589,0,0
0,967,4000,1437,484,379,247,82,768,19,584,0,0
0,968,4000,1452,480,390,235,84,774,11,574,0,0
0,969,4000,1473,473,396,226,84,774,8,566,0,0
0,970,4000,1496,465,399,212,84,777,7,560,0,0
0,971,4000,1501,462,404,204,83,784,6,556,0,0
0,972,4000,1495,458,416,191,85,803,4,548,0,0
0,973,4000,1483,454,433,184,86,818,1,541,0,0
0,974,4000,1503,442,455,168,85,814,1,532,0,0
0,975,4000,1525,423,462,161,81,818,1,529,0,0
0,976,4000,1530,410,472,153,85,825,1,524,0,0
0,977,4000,1546,402,481,149,85,817,0,520,0,0
0,978,4000,1558,395,488,142,84,819,0,514,0,0
0,979,4000,1543,386,509,126,87,836,0,513,0,0
0,980,4000,1540,379,529,118,89,840,0,505,0,0
0,981,4000,1544,368,536,115,92,845,0,500,0,0
0,982,4000,1536,359,551,114,88,859,0,493,0,0
0,983,4000,1529,355,564,109,85,869,0,489,0,0
0,984,4000,1527,355,575,105,82,872,0,484,0,0
0,985,4000,1517,353,594,98,81,879,0,478,0,0
0,986,4000,1522,340,608,97,86,876,0,471,0,0
0,987,4000,1510,331,614,96,85,893,0,471,0,0
0,988,4000,1507,332,624,94,85,893,0,465,0,0
0,989,4000,1494,327,641,93,90,895,0,460,0,0
0,990,4000,1481,328,646,92,89,910,0,454,0,0
0,991,4000,1483,326,648,89,88,916,0,450,0,0
0,992,4000,1478,331,659,89,92,909,0,442,0,0
0,993,4000,1489,331,663,86,89,903,0,439,0,0
0,994,4000,1490,334,673,83,89,897,0,434,0,0
0,995,4000,1478,337,681,83,90,902,0,429,0,0
0,996,4000,1484,335,676,80,90,908,0,427,0,0
0,997,4000,1461,341,687,79,90,920,0,422,0,0
0,998,4000,1448,344,691,77,92,931,0,417,0,0
0,999,4000,1454,338,701,77,89,925,0,416,0,0
0,1000,4000,1457,335,708,77,88,923,0,412,0,0
0,1001,4000,1467,343,712,74,80,915,0,409,0,0
0,1002,4000,1488,333,710,73,81,913,0,402,0,0
0,1003,4000,1488,336,707,72,87,909,0,401,0,0
0,1004,4000,1487,335,712,72,92,903,0,399,0,0
0,1005,4000,1497,324,715,70,93,903,0,398,0,0
0,1006,4000,1495,334,702,70,90,913,0,396,0,0
0,1007,4000,1522,331,694,70,87,905,0,391,0,0
0,1008,4000,1516,334,691,69,84,916,0,390,0,0
0,1009,4000,1513,340,689,68,88,912,0,390,0,0
0,1010,4000,1527,345,686,68,85,901,0,388,0,0
0,1011,4000,1535,342,692,66,80,897,0,388,0,0
0,1012,4000,1558,340,676,62,82,895,0,387,0,0
0,1013,4000,1579,341,667,61,79,890,0,383,0,0
0,1014,4000,1588,342,655,59,79,895,0,382,0,0
0,1015,4000,1567,346,657,59,86,904,0,381,0,0
0,1016,4000,1581,338,652,56,87,907,0,379,0,0
0,1017,4000,1587,332,652,56,87,909,0,377,0,0
0,1018,4000,1586,330,658,55,86,910,0,375,0,0
0,1019,4000,1592,334,641,55,87,917,0,374,0,0
0,1020,4000,1608,327,632,53,91,916,0,373,0,0
0,1021,4000,1625,325,610,52,93,923,0,372,0,0
0,1022,4000,1643,324,587,51,95,929,0,371,0,0
0,1023,4000,1662,328,565,49,94,932,0,370,0,0
0,1024,4000,1681,326,551,48,90,936,0,368,0,0
0,1025,4000,1698,332,532,45,86,940,0,367,0,0
0,1026,4000,1701,335,511,44,94,949,0,366,0,0
0,1027,4000,1693,338,500,43,99,961,0,366,0,0
0,1028,4000,1714,336,482,43,102,960,0,363,0,0
0,1029,4000,1738,332,457,42,100,969,0,362,0,0
0,1030,4000,1757,326,443,40,103,972,0,359,0,0
0,1031,4000,1741,324,436,39,108,996,0,356,0,0
0,1032,4000,1748,325,419,38,112,1003,0,355,0,0
0,1033,4000,1754,326,405,36,114,1015,0,350,0,0
0,1034,4000,1783,319,387,35,108,1018,0,350,0,0
0,1035,4000,1799,318,373,35,102,1025,0,348,0,0
0,1036,4000,1788,331,364,34,99,1036,0,348,0,0
0,1037,4000,1793,338,348,34,96,1044,0,347,0,0
0,1038,4000,1803,338,330,34,100,1049,0,346,0,0
0,1039,4000,1804,340,314,34,101,1064,0,343,0,0
0,1040,4000,1808,341,295,33,104,1078,0,341,0,0
0,1041,4000,1817,330,284,32,104,1096,0,337,0,0
0,1042,4000,1828,336,269,28,102,1102,0,335,0,0
0,1043,4000,1841,328,252,28,101,1116,0,334,0,0
0,1044,4000,1857,324,238,26,103,1120,0,332,0,0
0,1045,4000,1859,320,224,25,105,1139,0,328,0,0
0,1046,4000,1881,310,214,24,104,1139,0,328,0,0
0,1047,4000,1862,316,204,23,107,1160,0,328,0,0
0,1048,4000,1879,309,188,22,108,1168,0,326,0,0
0,1049,4000,1884,312,172,20,111,1176,0,325,0,0
0,1050,4000,1880,318,157,19,107,1195,0,324,0,0
0,1051,4000,1914,320,138,16,108,1181,0,323,0,0
0,1052,4000,1912,325,130,16,102,1194,0,321,0,0
0,1053,4000,1929,327,113,14,104,1192,0,321,0,0
0,1054,4000,1941,324,101,14,110,1190,0,320,0,0
0,1055,4000,1954,315,85,14,111,1202,0,319,0,0
0,1056,4000,1966,315,72,13,111,1207,0,316,0,0
0,1057,4000,1996,310,52,12,113,1203,0,314,0,0
0,1058,4000,2017,313,30,10,113,1207,0,310,0,0
0,1059,4000,2027,309,16,9,113,1218,0,308,0,0
0,1060,4000,2038,325,0,7,116,1206,0,308,0,0
0,1061,4000,2023,333,0,6,118,1214,0,306,0,0
0,1062,4000,2028,332,0,6,119,1210,0,305,0,0
0,1063,4000,2048,330,0,5,114,1199,0,304,0,0
0,1064,4000,2027,339,0,4,116,1211,0,303,0,0
0,1065,4000,2033,341,0,4,114,1206,0,302,0,0
0,1066,4000,2042,334,0,4,114,1207,0,299,0,0
0,1067,4000,2055,326,0,3,110,1207,0,299,0,0
0,1068,4000,2055,329,0,3,106,1210,0,297,0,0
0,1069,4000,2058,327,0,3,107,1208,0,297,0,0
0,1070,4000,2058,324,0,3,106,1214,0,295,0,0
0,1071,4000,2061,323,0,3,104,1215,0,294,0,0
0,1072,4000,2076,318,0,3,107,1203,0,293,0,0
0,1073,4000,2077,312,0,2,108,1209,0,292,0,0
0,1074,4000,2071,315,0,2,106,1215,0,291,0,0
0,1075,4000,2069,320,0,2,108,1210,0,291,0,0
0,1076,4000,2077,314,0,2,104,1213,0,290,0,0
0,1077,4000,2083,314,0,2,105,1207,0,289,0,0
0,1078,4000,2092,312,0,2,102,1204,0,288,0,0
0,1079,4000,2101,318,0,2,102,1190,0,287,0,0
0,1080,4000,2114,305,0,1,98,1196,0,286,0,0
0,1081,4000,2119,299,0,0,97,1201,0,284,0,0
0,1082,4000,2094,300,0,0,96,1229,0,281,0,0
0,1083,4000,2100,304,0,0,95,1220,0,281,0,0
0,1084,4000,2120,299,0,0,93,1209,0,279,0,0
0,1085,4000,2116,299,0,0,92,1216,0,277,0,0
0,1086,4000,2115,308,0,0,91,1212,0,274,0,0
0,1087,4000,2105,317,0,0,88,1217,0,273,0,0
0,1088,4000,2117,315,0,0,93,1204,0,271,0,0
0,1089,4000,2130,318,0,0,100,1181,0,271,0,0
0,1090,4000,2121,323,0,0,104,1183,0,269,0,0
0,1091,4000,2119,322,0,0,104,1189,0,266,0,0
0,1092,4000,2139,316,0,0,105,1176,0,264,0,0
0,1093,4000,2135,321,0,0,104,1177,0,263,0,0
0,1094,4000,2142,317,0,0,105,1173,0,263,0,0
0,1095,4000,2137,316,0,0,110,1176,0,261,0,0
0,1096,4000,2158,322,0,0,110,1152,0,258,0,0
0,1097,4000,2142,335,0,0,109,1158,0,256,0,0
0,1098,4000,2161,330,0,0,111,1144,0,254,0,0
0,1099,4000,2183,330,0,0,108,1127,0,252,0,0
0,1100,4000,2202,326,0,0,109,1114,0,249,0,0
0,1101,4000,2227,318,0,0,106,1103,0,246,0,0
0,1102,4000,2246,313,0,0,106,1090,0,245,0,0
0,1103,4000,2259,307,0,0,109,1082,0,243,0,0
0,1104,4000,2269,305,0,0,113,1074,0,239,0,0
0,1105,4000,2283,304,0,0,115,1059,0,239,0,0
0,1106,4000,2286,306,0,0,119,1052,0,237,0,0
0,1107,4000,2305,292,0,0,121,1046,0,236,0,0
0,1108,4000,2310,291,0,0,121,1044,0,234,0,0
0,1109,4000,2337,286,0,0,115,1034,0,228,0,0
0,1110,4000,2361,280,0,0,112,1021,0,226,0,0
0,1111,4000,2366,281,0,0,110,1018,0,225,0,0
0,1112,4000,2357,289,0,0,108,1024,0,222,0,0
0,1113,4000,2371,286,0,0,108,1016,0,219,0,0
0,1114,4000,2386,291,0,0,108,997,0,218,0,0
0,1115,4000,2399,290,0,0,109,985,0,217,0,0
0,1116,4000,2403,291,0,0,108,985,0,213,0,0
0,1117,4000,2439,279,0,0,106,966,0,210,0,0
0,1118,4000,2453,281,0,0,107,951,0,208,0,0
0,1119,4000,2466,279,0,0,104,945,0,206,0,0
0,1120,4000,2473,282,0,0,104,937,0,204,0,0
0,1121,4000,2481,286,0,0,105,928,0,200,0,0
0,1122,4000,2502,288,0,0,99,918,0,193,0,0
0,1123,4000,2519,284,0,0,96,909,0,192,0,0
0,1124,4000,2549,284,0,0,90,889,0,188,0,0
0,1125,4000,2568,279,0,0,88,880,0,185,0,0
0,1126,4000,2594,267,0,0,87,867,0,185,0,0
0,1127,4000,2608,269,0,0,85,855,0,183,0,0
0,1128,4000,2628,268,0,0,82,841,0,181,0,0
0,1129,4000,2642,266,0,0,83,832,0,177,0,0
0,1130,4000,2650,260,0,0,83,831,0,176,0,0
0,1131,4000,2672,259,0,0,79,814,0,176,0,0
0,1132,4000,2713,248,0,0,79,789,0,171,0,0
0,1133,4000,2757,238,0,0,75,762,0,168,0,0
0,1134,4000,2790,231,0,0,71,746,0,162,0,0
0,1135,4000,2818,219,0,0,71,734,0,158,0,0
0,1136,4000,2854,206,0,0,67,719,0,154,0,0
0,1137,4000,2884,198,0,0,64,702,0,152,0,0
0,1138,4000,2918,187,0,0,59,690,0,146,0,0
0,1139,4000,2944,175,0,0,58,680,0,143,0,0
0,1140,4000,2980,163,0,0,52,664,0,141,0,0
0,1141,4000,3018,154,0,0,45,645,0,138,0,0
0,1142,4000,3047,140,0,0,44,636,0,133,0,0
0,1143,4000,3073,131,0,0,41,624,0,131,0,0
0,1144,4000,3105,118,0,0,38,611,0,128,0,0
0,1145,4000,3131,109,0,0,34,600,0,126,0,0
0,1146,4000,3169,101,0,0,28,579,0,123,0,0
0,1147,4000,3198,92,0,0,25,568,0,117,0,0
0,1148,4000,3218,82,0,0,25,562,0,113,0,0
0,1149,4000,3248,70,0,0,23,548,0,111,0,0
0,1150,4000,3275,62,0,0,20,537,0,106,0,0
0,1151,4000,3304,49,0,0,16,527,0,104,0,0
0,1152,4000,3326,39,0,0,13,519,0,103,0,0
0,1153,4000,3349,34,0,0,13,504,0,100,0,0
0,1154,4000,3368,23,0,0,10,499,0,100,0,0
0,1155,4000,3376,22,0,0,7,496,0,99,0,0
0,1156,4000,3397,15,0,0,5,487,0,96,0,0
0,1157,4000,3415,9,0,0,4,478,0,94,0,0
0,1158,4000,3424,7,0,0,4,471,0,94,0,0
0,1159,4000,3440,3,0,0,3,463,0,91,0,0
0,1160,4000,3452,0,0,0,2,456,0,90,0,0
0,1161,4000,3456,0,0,0,2,452,0,90,0,0
0,1162,4000,3467,0,0,0,2,442,0,89,0,0
0,1163,4000,3476,0,0,0,1,435,0,88,0,0
0,1164,4000,3484,0,0,0,1,432,0,83,0,0
0,1165,4000,3488,0,0,0,0,430,0,82,0,0
0,1166,4000,3493,0,0,0,0,428,0,79,0,0
0,1167,4000,3496,0,0,0,0,426,0,78,0,0
0,1168,4000,3500,0,0,0,0,423,0,77,0,0
0,1169,4000,3505,0,0,0,0,422,0,73,0,0
0,1170,4000,3508,0,0,0,0,420,0,72,0,0
0,1171,4000,3513,0,0,0,0,416,0,71,0,0
0,1172,4000,3520,0,0,0,0,412,0,68,0,0
0,1173,4000,3525,0,0,0,0,410,0,65,0,0
0,1174,4000,3528,0,0,0,0,408,0,64,0,0
0,1175,4000,3532,0,0,0,0,406,0,62,0,0
0,1176,4000,3535,0,0,0,0,404,0,61,0,0
0,1177,4000,3536,0,0,0,0,403,0,61,0,0
0,1178,4000,3539,0,0,0,0,401,0,60,0,0
0,1179,4000,3544,0,0,0,0,398,0,58,0,0
0,1180,4000,3545,0,0,0,0,398,0,57,0,0
0,1181,4000,3549,0,0,0,0,396,0,55,0,0
0,1182,4000,3549,0,0,0,0,396,0,55,0,0
0,1183,4000,3555,0,0,0,0,392,0,53,0,0
0,1184,4000,3561,0,0,0,0,388,0,51,0,0
0,1185,4000,3566,0,0,0,0,385,0,49,0,0
0,1186,4000,3568,0,0,0,0,383,0,49,0,0
0,1187,4000,3571,0,0,0,0,381,0,48,0,0
0,1188,4000,3577,0,0,0,0,377,0,46,0,0
0,1189,4000,3582,0,0,0,0,373,0,45,0,0
0,1190,4000,3586,0,0,0,0,371,0,43,0,0
0,1191,4000,3595,0,0,0,0,367,0,38,0,0
0,1192,4000,3599,0,0,0,0,365,0,36,0,0
0,1193,4000,3602,0,0,0,0,363,0,35,0,0
0,1194,4000,3602,0,0,0,0,363,0,35,0,0
0,1195,4000,3607,0,0,0,0,362,0,31,0,0
0,1196,4000,3612,0,0,0,0,359,0,29,0,0
0,1197,4000,3618,0,0,0,0,354,0,28,0,0
0,1198,4000,3620,0,0,0,0,352,0,28,0,0
0,1199,4000,3624,0,0,0,0,350,0,26,0,0
0,1200,4000,3632,0,0,0,0,345,0,23,0,0
0,1201,4000,3634,0,0,0,0,343,0,23,0,0
0,1202,4000,3640,0,0,0,0,338,0,22,0,0
0,1203,4000,3642,0,0,0,0,337,0,21,0,0
0,1204,4000,3646,0,0,0,0,335,0,19,0,0
0,1205,4000,3653,0,0,0,0,333,0,14,0,0
0,1206,4000,3657,0,0,0,0,330,0,13,0,0
0,1207,4000,3659,0,0,0,0,328,0,13,0,0
0,1208,4000,3661,0,0,0,0,326,0,13,0,0
0,1209,4000,3663,0,0,0,0,324,0,13,0,0
0,1210,4000,3669,0,0,0,0,320,0,11,0,0
0,1211,4000,3673,0,0,0,0,317,0,10,0,0
0,1212,4000,3675,0,0,0,0,315,0,10,0,0
0,1213,4000,3676,0,0,0,0,314,0,10,0,0
0,1214,4000,3679,0,0,0,0,314,0,7,0,0
0,1215,4000,3680,0,0,0,0,313,0,7,0,0
0,1216,4000,3682,0,0,0,0,311,0,7,0,0
0,1217,4000,3690,0,0,0,0,304,0,6,0,0
0,1218,4000,3695,0,0,0,0,300,0,5,0,0
0,1219,4000,3696,0,0,0,0,300,0,4,0,0
0,1220,4000,3700,0,0,0,0,298,0,2,0,0
0,1221,4000,3703,0,0,0,0,297,0,0,0,0
0,1222,4000,3706,0,0,0,0,294,0,0,0,0
0,1223,4000,3709,0,0,0,0,291,0,0,0,0
0,1224,4000,3710,0,0,0,0,290,0,0,0,0
0,1225,4000,3713,0,0,0,0,287,0,0,0,0
0,1226,4000,3715,0,0,0,0,285,0,0,0,0
0,1227,4000,3715,0,0,0,0,285,0,0,0,0
0,1228,4000,3718,0,0,0,0,282,0,0,0,0
0,1229,4000,3720,0,0,0,0,280,0,0,0,0
0,1230,4000,3724,0,0,0,0,276,0,0,0,0
0,1231,4000,3726,0,0,0,0,274,0,0,0,0
0,1232,4000,3728,0,0,0,0,272,0,0,0,0
0,1233,4000,3730,0,0,0,0,270,0,0,0,0
0,1234,4000,3733,0,0,0,0,267,0,0,0,0
0,1235,4000,3733,0,0,0,0,267,0,0,0,0
0,1236,4000,3735,0,0,0,0,265,0,0,0,0
0,1237,4000,3739,0,0,0,0,261,0,0,0,0
0,1238,4000,3742,0,0,0,0,258,0,0,0,0
0,1239,4000,3744,0,0,0,0,256,0,0,0,0
0,1240,4000,3746,0,0,0,0,254,0,0,0,0
0,1241,4000,3750,0,0,0,0,250,0,0,0,0
0,1242,4000,3754,0,0,0,0,246,0,0,0,0
0,1243,4000,3755,0,0,0,0,245,0,0,0,0
0,1244,4000,3757,0,0,0,0,243,0,0,0,0
0,1245,4000,3758,0,0,0,0,242,0,0,0,0
0,1246,4000,3758,0,0,0,0,242,0,0,0,0
0,1247,4000,3759,0,0,0,0,241,0,0,0,0
0,1248,4000,3762,0,0,0,0,238,0,0,0,0
0,1249,4000,3768,0,0,0,0,232,0,0,0,0
0,1250,4000,3770,0,0,0,0,230,0,0,0,0
0,1251,4000,3774,0,0,0,0,226,0,0,0,0
0,1252,4000,3777,0,0,0,0,223,0,0,0,0
0,1253,4000,3779,0,0,0,0,221,0,0,0,0
0,1254,4000,3782,0,0,0,0,218,0,0,0,0
0,1255,4000,3782,0,0,0,0,218,0,0,0,0
0,1256,4000,3785,0,0,0,0,215,0,0,0,0
0,1257,4000,3787,0,0,0,0,213,0,0,0,0
0,1258,4000,3791,0,0,0,0,209,0,0,0,0
0,1259,4000,3797,0,0,0,0,203,0,0,0,0
0,1260,4000,3800,0,0,0,0,200,0,0,0,0
0,1261,4000,3803,0,0,0,0,197,0,0,0,0
0,1262,4000,3803,0,0,0,0,197,0,0,0,0
0,1263,4000,3804,0,0,0,0,196,0,0,0,0
0,1264,4000,3807,0,0,0,0,193,0,0,0,0
0,1265,4000,3809,0,0,0,0,191,0,0,0,0
0,1266,4000,3811,0,0,0,0,189,0,0,0,0
0,1267,4000,3813,0,0,0,0,187,0,0,0,0
0,1268,4000,3815,0,0,0,0,185,0,0,0,0
0,1269,4000,3817,0,0,0,0,183,0,0,0,0
0,1270,4000,3820,0,0,0,0,180,0,0,0,0
0,1271,4000,3827,0,0,0,0,173,0,0,0,0
0,1272,4000,3828,0,0,0,0,172,0,0,0,0
0,1273,4000,3830,0,0,0,0,170,0,0,0,0
0,1274,4000,3835,0,0,0,0,165,0,0,0,0
0,1275,4000,3838,0,0,0,0,162,0,0,0,0
0,1276,4000,3843,0,0,0,0,157,0,0,0,0
0,1277,4000,3849,0,0,0,0,151,0,0,0,0
0,1278,4000,3852,0,0,0,0,148,0,0,0,0
0,1279,4000,3854,0,0,0,0,146,0,0,0,0
0,1280,4000,3858,0,0,0,0,142,0,0,0,0
0,1281,4000,3862,0,0,0,0,138,0,0,0,0
0,1282,4000,3864,0,0,0,0,136,0,0,0,0
0,1283,4000,3864,0,0,0,0,136,0,0,0,0
0,1284,4000,3867,0,0,0,0,133,0,0,0,0
0,1285,4000,3868,0,0,0,0,132,0,0,0,0
0,1286,4000,3871,0,0,0,0,129,0,0,0,0
0,1287,4000,3878,0,0,0,0,122,0,0,0,0
0,1288,4000,3885,0,0,0,0,115,0,0,0,0
0,1289,4000,3890,0,0,0,0,110,0,0,0,0
0,1290,4000,3892,0,0,0,0,108,0,0,0,0
0,1291,4000,3895,0,0,0,0,105,0,0,0,0
0,1292,4000,3895,0,0,0,0,105,0,0,0,0
0,1293,4000,3897,0,0,0,0,103,0,0,0,0
0,1294,4000,3900,0,0,0,0,100,0,0,0,0
0,1295,4000,3906,0,0,0,0,94,0,0,0,0
0,1296,4000,3908,0,0,0,0,92,0,0,0,0
0,1297,4000,3909,0,0,0,0,91,0,0,0,0
0,1298,4000,3910,0,0,0,0,90,0,0,0,0
0,1299,4000,3911,0,0,0,0,89,0,0,0,0
0,1300,4000,3915,0,0,0,0,85,0,0,0,0
0,1301,4000,3915,0,0,0,0,85,0,0,0,0
0,1302,4000,3918,0,0,0,0,82,0,0,0,0
0,1303,4000,3922,0,0,0,0,78,0,0,0,0
0,1304,4000,3926,0,0,0,0,74,0,0,0,0
0,1305,4000,3930,0,0,0,0,70,0,0,0,0
0,1306,4000,3935,0,0,0,0,65,0,0,0,0
0,1307,4000,3937,0,0,0,0,63,0,0,0,0
0,1308,4000,3938,0,0,0,0,62,0,0,0,0
0,1309,4000,3939,0,0,0,0,61,0,0,0,0
0,1310,4000,3940,0,0,0,0,60,0,0,0,0
0,1311,4000,3945,0,0,0,0,55,0,0,0,0
0,1312,4000,3949,0,0,0,0,51,0,0,0,0
0,1313,4000,3950,0,0,0,0,50,0,0,0,0
0,1314,4000,3951,0,0,0,0,49,0,0,0,0
0,1315,4000,3958,0,0,0,0,42,0,0,0,0
0,1316,4000,3959,0,0,0,0,41,0,0,0,0
0,1317,4000,3960,0,0,0,0,40,0,0,0,0
0,1318,4000,3962,0,0,0,0,38,0,0,0,0
0,1319,4000,3965,0,0,0,0,35,0,0,0,0
0,1320,4000,3966,0,0,0,0,34,0,0,0,0
0,1321,4000,3970,0,0,0,0,30,0,0,0,0
0,1322,4000,3970,0,0,0,0,30,0,0,0,0
0,1323,4000,3970,0,0,0,0,30,0,0,0,0
0,1324,4000,3971,0,0,0,0,29,0,0,0,0
0,1325,4000,3972,0,0,0,0,28,0,0,0,0
0,1326,4000,3972,0,0,0,0,28,0,0,0,0
0,1327,4000,3973,0,0,0,0,27,0,0,0,0
0,1328,4000,3974,0,0,0,0,26,0,0,0,0
0,1329,4000,3977,0,0,0,0,23,0,0,0,0
0,1330,4000,3977,0,0,0,0,23,0,0,0,0
0,1331,4000,3977,0,0,0,0,23,0,0,0,0
0,1332,4000,3980,0,0,0,0,20,0,0,0,0
0,1333,4000,3980,0,0,0,0,20,0,0,0,0
0,1334,4000,3981,0,0,0,0,19,0,0,0,0
0,1335,4000,3982,0,0,0,0,18,0,0,0,0
0,1336,4000,3984,0,0,0,0,16,0,0,0,0
0,1337,4000,3984,0,0,0,0,16,0,0,0,0
0,1338,4000,3984,0,0,0,0,16,0,0,0,0
0,1339,4000,3985,0,0,0,0,15,0,0,0,0
0,1340,4000,3986,0,0,0,0,14,0,0,0,0
0,1341,4000,3988,0,0,0,0,12,0,0,0,0
0,1342,4000,3988,0,0,0,0,12,0,0,0,0
0,1343,4000,3988,0,0,0,0,12,0,0,0,0
0,1344,4000,3989,0,0,0,0,11,0,0,0,0
0,1345,4000,3991,0,0,0,0,9,0,0,0,0
0,1346,4000,3991,0,0,0,0,9,0,0,0,0
0,1347,4000,3992,0,0,0,0,8,0,0,0,0
0,1348,4000,3992,0,0,0,0,8,0,0,0,0
0,1349,4000,3992,0,0,0,0,8,0,0,0,0
0,1350,4000,3993,0,0,0,0,7,0,0,0,0
0,1351,4000,3993,0,0,0,0,7,0,0,0,0
0,1352,4000,3993,0,0,0,0,7,0,0,0,0
0,1353,4000,3993,0,0,0,0,7,0,0,0,0
0,1354,4000,3993,0,0,0,0,7,0,0,0,0
0,1355,4000,3993,0,0,0,0,7,0,0,0,0
0,1356,4000,3994,0,0,0,0,6,0,0,0,0
0,1357,4000,3994,0,0,0,0,6,0,0,0,0
0,1358,4000,3994,0,0,0,0,6,0,0,0,0
0,1359,4000,3996,0,0,0,0,4,0,0,0,0
0,1360,4000,3996,0,0,0,0,4,0,0,0,0
0,1361,4000,3996,0,0,0,0,4,0,0,0,0
0,1362,4000,3997,0,0,0,0,3,0,0,0,0
0,1363,4000,3997,0,0,0,0,3,0,0,0,0
0,1364,4000,3997,0,0,0,0,3,0,0,0,0
0,1365,4000,3997,0,0,0,0,3,0,0,0,0
0,1366,4000,3997,0,0,0,0,3,0,0,0,0
0,1367,4000,3997,0,0,0,0,3,0,0,0,0
0,1368,4000,3997,0,0,0,0,3,0,0,0,0
0,1369,4000,3997,0,0,0,0,3,0,0,0,0
0,1370,4000,3999,0,0,0,0,1,0,0,0,0
0,1371,4000,4000,0,0,0,0,0,0,0,0,0
0,1372,4000,4000,0,0,0,0,0,0,0,0,0
0,1373,4000,4000,0,0,0,0,0,0,0,0,0
0,1374,4000,4000,0,0,0,0,0,0,0,0,0
0,1375,4000,4000,0,0,0,0,0,0,0,0,0
0,1376,4000,4000,0,0,0,0,0,0,0,0,0
0,1377,4000,4000,0,0,0,0,0,0,0,0,0
0,1378,4000,4000,0,0,0,0,0,0,0,0,0
0,1379,4000,4000,0,0,0,0,0,0,0,0,0
0,1380,4000,4000,0,0,0,0,0,0,0,0,0
0,1381,4000,4000,0,0,0,0,0,0,0,0,0
0,1382,4000,4000,0,0,0,0,0,0,0,0,0
0,1383,4000,4000,0,0,0,0,0,0,0,0,0
0,1384,4000,4000,0,0,0,0,0,0,0,0,0
0,1385,4000,4000,0,0,0,0,0,0,0,0,0
0,1386,4000,4000,0,0,0,0,0,0,0,0,0
0,1387,4000,4000,0,0,0,0,0,0,0,0,0
0,1388,4000,4000,0,0,0,0,0,0,0,0,0
0,1389,4000,4000,0,0,0,0,0,0,0,0,0
0,1390,4000,4000,0,0,0,0,0,0,0,0,0
0,1391,4000,4000,0,0,0,0,0,0,0,0,0
0,1392,4000,4000,0,0,0,0,0,0,0,0,0
0,1393,4000,4000,0,0,0,0,0,0,0,0,0
0,1394,4000,4000,0,0,0,0,0,0,0,0,0
0,1395,4000,4000,0,0,0,0,0,0,0,0,0
0,1396,4000,4000,0,0,0,0,0,0,0,0,0
0,1397,4000,4000,0,0,0,0,0,0,0,0,0
0,1398,4000,4000,0,0,0,0,0,0,0,0,0
0,1399,4000,4000,0,0,0,0,0,0,0,0,0
0,1400,4000,4000,0,0,0,0,0,0,0,0,0
0,1401,4000,4000,0,0,0,0,0,0,0,0,0
0,1402,4000,4000,0,0,0,0,0,0,0,0,0
0,1403,4000,4000,0,0,0,0,0,0,0,0,0
0,1404,4000,4000,0,0,0,0,0,0,0,0,0
0,1405,4000,4000,0,0,0,0,0,0,0,0,0
0,1406,4000,4000,0,0,0,0,0,0,0,0,0
0,1407,4000,4000,0,0,0,0,0,0,0,0,0
0,1408,4000,4000,0,0,0,0,0,0,0,0,0
0,1409,4000,4000,0,0,0,0,0,0,0,0,0
0,1410,4000,4000,0,0,0,0,0,0,0,0,0
0,1411,4000,4000,0,0,0,0,0,0,0,0,0
0,1412,4000,4000,0,0,0,0,0,0,0,0,0
0,1413,4000,4000,0,0,0,0,0,0,0,0,0
0,1414,4000,4000,0,0,0,0,0,0,0,0,0
0,1415,4000,4000,0,0,0,0,0,0,0,0,0
0,1416,4000,4000,0,0,0,0,0,0,0,0,0
0,1417,4000,4000,0,0,0,0,0,0,0,0,0
0,1418,4000,4000,0,0,0,0,0,0,0,0,0
0,1419,4000,4000,0,0,0,0,0,0,0,0,0
0,1420,4000,4000,0,0,0,0,0,0,0,0,0
0,1421,4000,4000,0,0,0,0,0,0,0,0,0
0,1422,4000,4000,0,0,0,0,0,0,0,0,0
0,1423,4000,4000,0,0,0,0,0,0,0,0,0
0,1424,4000,4000,0,0,0,0,0,0,0,0,0
0,1425,4000,4000,0,0,0,0,0,0,0,0,0
0,1426,4000,4000,0,0,0,0,0,0,0,0,0
0,1427,4000,4000,0,0,0,0,0,0,0,0,0
0,1428,4000,4000,0,0,0,0,0,0,0,0,0
0,1429,4000,4000,0,0,0,0,0,0,0,0,0
0,1430,4000,4000,0,0,0,0,0,0,0,0,0
0,1431,4000,4000,0,0,0,0,0,0,0,0,0
0,1432,4000,4000,0,0,0,0,0,0,0,0,0
0,1433,4000,4000,0,0,0,0,0,0,0,0,0
0,1434,4000,4000,0,0,0,0,0,0,0,0,0
0,1435,4000,4000,0,0,0,0,0,0,0,0,0
0,1436,4000,4000,0,0,0,0,0,0,0,0,0
0,1437,4000,4000,0,0,0,0,0,0,0,0,0
0,1438,4000,4000,0,0,0,0,0,0,0,0,0
0,1439,4000,4000,0,0,0,0,0,0,0,0,0
0,1440,4000,4000,0,0,0,0,0,0,0,0,0
0,1441,4000,4000,0,0,0,0,0,0,0,0,0
0,1442,4000,4000,0,0,0,0,0,0,0,0,0
0,1443,4000,4000,0,0,0,0,0,0,0,0,0
0,1444,4000,4000,0,0,0,0,0,0,0,0,0
0,1445,4000,4000,0,0,0,0,0,0,0,0,0
0,1446,4000,4000,0,0,0,0,0,0,0,0,0
0,1447,4000,4000,0,0,0,0,0,0,0,0,0
0,1448,4000,4000,0,0,0,0,0,0,0,0,0
0,1449,4000,4000,0,0,0,0,0,0,0,0,0
0,1450,4000,4000,0,0,0,0,0,0,0,0,0
0,1451,4000,4000,0,0,0,0,0,0,0,0,0
0,1452,4000,4000,0,0,0,0,0,0,0,0,0
0,1453,4000,4000,0,0,0,0,0,0,0,0,0
0,1454,4000,4000,0,0,0,0,0,0,0,0,0
0,1455,4000,4000,0,0,0,0,0,0,0,0,0
0,1456,4000,4000,0,0,0,0,0,0,0,0,0
0,1457,4000,4000,0,0,0,0,0,0,0,0,0
0,1458,4000,4000,0,0,0,0,0,0,0,0,0
0,1459,4000,4000,0,0,0,0,0,0,0,0,0
0,1460,4000,4000,0,0,0,0,0,0,0,0,0
0,1461,4000,4000,0,0,0,0,0,0,0,0,0
0,1462,4000,4000,0,0,0,0,0,0,0,0,0
0,1463,4000,4000,0,0,0,0,0,0,0,0,0
0,1464,4000,4000,0,0,0,0,0,0,0,0,0
0,1465,4000,4000,0,0,0,0,0,0,0,0,0
0,1466,4000,4000,0,0,0,0,0,0,0,0,0
0,1467,4000,4000,0,0,0,0,0,0,0,0,0
0,1468,4000,4000,0,0,0,0,0,0,0,0,0
0,1469,4000,4000,0,0,0,0,0,0,0,0,0
0,1470,4000,4000,0,0,0,0,0,0,0,0,0
0,1471,4000,4000,0,0,0,0,0,0,0,0,0
0,1472,4000,4000,0,0,0,0,0,0,0,0,0
0,1473,4000,4000,0,0,0,0,0,0,0,0,0
0,1474,4000,4000,0,0,0,0,0,0,0,0,0
0,1475,4000,4000,0,0,0,0,0,0,0,0,0
0,1476,4000,4000,0,0,0,0,0,0,0,0,0
0,1477,4000,4000,0,0,0,0,0,0,0,0,0
0,1478,4000,4000,0,0,0,0,0,0,0,0,0
0,1479,4000,4000,0,0,0,0,0,0,0,0,0
0,1480,4000,4000,0,0,0,0,0,0,0,0,0
0,1481,4000,4000,0,0,0,0,0,0,0,0,0
0,1482,4000,4000,0,0,0,0,0,0,0,0,0
0,1483,4000,4000,0,0,0,0,0,0,0,0,0
0,1484,4000,4000,0,0,0,0,0,0,0,0,0
0,1485,4000,4000,0,0,0,0,0,0,0,0,0
0,1486,4000,4000,0,0,0,0,0,0,0,0,0
0,1487,4000,4000,0,0,0,0,0,0,0,0,0
0,1488,4000,4000,0,0,0,0,0,0,0,0,0
0,1489,4000,4000,0,0,0,0,0,0,0,0,0
0,1490,4000,4000,0,0,0,0,0,0,0,0,0
0,1491,4000,4000,0,0,0,0,0,0,0,0,0
0,1492,4000,4000,0,0,0,0,0,0,0,0,0
0,1493,4000,4000,0,0,0,0,0,0,0,0,0
0,1494,4000,4000,0,0,0,0,0,0,0,0,0
0,1495,4000,4000,0,0,0,0,0,0,0,0,0
0,1496,4000,4000,0,0,0,0,0,0,0,0,0
0,1497,4000,4000,0,0,0,0,0,0,0,0,0
0,1498,4000,4000,0,0,0,0,0,0,0,0,0
0,1499,4000,4000,0,0,0,0,0,0,0,0,0
0,1500,4000,4000,0,0,0,0,0,0,0,0,0
0,1501,4000,4000,0,0,0,0,0,0,0,0,0
0,1502,4000,4000,0,0,0,0,0,0,0,0,0
0,1503,4000,4000,0,0,0,0,0,0,0,0,0
0,1504,4000,4000,0,0,0,0,0,0,0,0,0
0,1505,4000,4000,0,0,0,0,0,0,0,0,0
0,1506,4000,4000,0,0,0,0,0,0,0,0,0
0,1507,4000,4000,0,0,0,0,0,0,0,0,0
0,1508,4000,4000,0,0,0,0,0,0,0,0,0
0,1509,4000,4000,0,0,0,0,0,0,0,0,0
0,1510,4000,4000,0,0,0,0,0,0,0,0,0
0,1511,4000,4000,0,0,0,0,0,0,0,0,0
0,1512,4000,4000,0,0,0,0,0,0,0,0,0
0,1513,4000,4000,0,0,0,0,0,0,0,0,0
0,1514,4000,4000,0,0,0,0,0,0,0,0,0
0,1515,4000,4000,0,0,0,0,0,0,0,0,0
0,1516,4000,4000,0,0,0,0,0,0,0,0,0
0,1517,4000,4000,0,0,0,0,0,0,0,0,0
0,1518,4000,4000,0,0,0,0,0,0,0,0,0
0,1519,4000,4000,0,0,0,0,0,0,0,0,0
0,1520,4000,4000,0,0,0,0,0,0,0,0,0
0,1521,4000,4000,0,0,0,0,0,0,0,0,0
0,1522,4000,4000,0,0,0,0,0,0,0,0,0
0,1523,4000,4000,0,0,0,0,0,0,0,0,0
0,1524,4000,4000,0,0,0,0,0,0,0,0,0
0,1525,4000,4000,0,0,0,0,0,0,0,0,0
0,1526,4000,4000,0,0,0,0,0,0,0,0,0
0,1527,4000,4000,0,0,0,0,0,0,0,0,0
0,1528,4000,4000,0,0,0,0,0,0,0,0,0
0,1529,4000,4000,0,0,0,0,0,0,0,0,0
0,1530,4000,4000,0,0,0,0,0,0,0,0,0
0,1531,4000,4000,0,0,0,0,0,0,0,0,0
0,1532,4000,4000,0,0,0,0,0,0,0,0,0
0,1533,4000,4000,0,0,0,0,0,0,0,0,0
0,1534,4000,4000,0,0,0,0,0,0,0,0,0
0,1535,4000,4000,0,0,0,0,0,0,0,0,0
0,1536,4000,4000,0,0,0,0,0,0,0,0,0
0,1537,4000,4000,0,0,0,0,0,0,0,0,0
0,1538,4000,4000,0,0,0,0,0,0,0,0,0
0,1539,4000,4000,0,0,0,0,0,0,0,0,0
0,1540,4000,4000,0,0,0,0,0,0,0,0,0
0,1541,4000,4000,0,0,0,0,0,0,0,0,0
0,1542,4000,4000,0,0,0,0,0,0,0,0,0
0,1543,4000,4000,0,0,0,0,0,0,0,0,0
0,1544,4000,4000,0,0,0,0,0,0,0,0,0
0,1545,4000,4000,0,0,0,0,0,0,0,0,0
0,1546,4000,4000,0,0,0,0,0,0,0,0,0
0,1547,4000,4000,0,0,0,0,0,0,0,0,0
0,1548,4000,4000,0,0,0,0,0,0,0,0,0
0,1549,4000,4000,0,0,0,0,0,0,0,0,0
0,1550,4000,4000,0,0,0,0,0,0,0,0,0
0,1551,4000,4000,0,0,0,0,0,0,0,0,0
0,1552,4000,4000,0,0,0,0,0,0,0,0,0
0,1553,4000,4000,0,0,0,0,0,0,0,0,0
0,1554,4000,4000,0,0,0,0,0,0,0,0,0
0,1555,4000,4000,0,0,0,0,0,0,0,0,0
0,1556,4000,4000,0,0,0,0,0,0,0,0,0
0,1557,4000,4000,0,0,0,0,0,0,0,0,0
0,1558,4000,4000,0,0,0,0,0,0,0,0,0
0,1559,4000,4000,0,0,0,0,0,0,0,0,0
0,1560,4000,4000,0,0,0,0,0,0,0,0,0
0,1561,4000,4000,0,0,0,0,0,0,0,0,0
0,1562,4000,4000,0,0,0,0,0,0,0,0,0
0,1563,4000,4000,0,0,0,0,0,0,0,0,0
0,1564,4000,4000,0,0,0,0,0,0,0,0,0
0,1565,4000,4000,0,0,0,0,0,0,0,0,0
0,1566,4000,4000,0,0,0,0,0,0,0,0,0
0,1567,4000,4000,0,0,0,0,0,0,0,0,0
0,1568,4000,4000,0,0,0,0,0,0,0,0,0
0,1569,4000,4000,0,0,0,0,0,0,0,0,0
0,1570,4000,4000,0,0,0,0,0,0,0,0,0
0,1571,4000,4000,0,0,0,0,0,0,0,0,0
0,1572,4000,4000,0,0,0,0,0,0,0,0,0
0,1573,4000,4000,0,0,0,0,0,0,0,0,0
0,1574,4000,4000,0,0,0,0,0,0,0,0,0
0,1575,4000,4000,0,0,0,0,0,0,0,0,0
0,1576,4000,4000,0,0,0,0,0,0,0,0,0
0,1577,4000,4000,0,0,0,0,0,0,0,0,0
0,1578,4000,4000,0,0,0,0,0,0,0,0,0
0,1579,4000,4000,0,0,0,0,0,0,0,0,0
0,1580,4000,4000,0,0,0,0,0,0,0,0,0
0,1581,4000,4000,0,0,0,0,0,0,0,0,0
0,1582,4000,4000,0,0,0,0,0,0,0,0,0
0,1583,4000,4000,0,0,0,0,0,0,0,0,0
0,1584,4000,4000,0,0,0,0,0,0,0,0,0
0,1585,4000,4000,0,0,0,0,0,0,0,0,0
0,1586,4000,4000,0,0,0,0,0,0,0,0,0
0,1587,4000,4000,0,0,0,0,0,0,0,0,0
0,1588,4000,4000,0,0,0,0,0,0,0,0,0
0,1589,4000,4000,0,0,0,0,0,0,0,0,0
0,1590,4000,4000,0,0,0,0,0,0,0,0,0
0,1591,4000,4000,0,0,0,0,0,0,0,0,0
0,1592,4000,4000,0,0,0,0,0,0,0,0,0
0,1593,4000,4000,0,0,0,0,0,0,0,0,0
0,1594,4000,4000,0,0,0,0,0,0,0,0,0
0,1595,4000,4000,0,0,0,0,0,0,0,0,0
0,1596,4000,4000,0,0,0,0,0,0,0,0,0
0,1597,4000,4000,0,0,0,0,0,0,0,0,0
0,1598,4000,4000,0,0,0,0,0,0,0,0,0
0,1599,4000,4000,0,0,0,0,0,0,0,0,0
0,1600,4000,4000,0,0,0,0,0,0,0,0,0
0,1601,4000,4000,0,0,0,0,0,0,0,0,0
0,1602,4000,4000,0,0,0,0,0,0,0,0,0
0,1603,4000,4000,0,0,0,0,0,0,0,0,0
0,1604,4000,4000,0,0,0,0,0,0,0,0,0
0,1605,4000,4000,0,0,0,0,0,0,0,0,0
0,1606,4000,4000,0,0,0,0,0,0,0,0,0
0,1607,4000,4000,0,0,0,0,0,0,0,0,0
0,1608,4000,4000,0,0,0,0,0,0,0,0,0
0,1609,4000,4000,0,0,0,0,0,0,0,0,0
0,1610,4000,4000,0,0,0,0,0,0,0,0,0
0,1611,4000,4000,0,0,0,0,0,0,0,0,0
0,1612,4000,4000,0,0,0,0,0,0,0,0,0
0,1613,4000,4000,0,0,0,0,0,0,0,0,0
0,1614,4000,4000,0,0,0,0,0,0,0,0,0
0,1615,4000,4000,0,0,0,0,0,0,0,0,0
0,1616,4000,4000,0,0,0,0,0,0,0,0,0
0,1617,4000,4000,0,0,0,0,0,0,0,0,0
0,1618,4000,4000,0,0,0,0,0,0,0,0,0
0,1619,4000,4000,0,0,0,0,0,0,0,0,0
0,1620,4000,4000,0,0,0,0,0,0,0,0,0
0,1621,4000,4000,0,0,0,0,0,0,0,0,0
0,1622,4000,4000,0,0,0,0,0,0,0,0,0
0,1623,4000,4000,0,0,0,0,0,0,0,0,0
0,1624,4000,4000,0,0,0,0,0,0,0,0,0
0,1625,4000,4000,0,0,0,0,0,0,0,0,0
0,1626,4000,4000,0,0,0,0,0,0,0,0,0
0,1627,4000,4000,0,0,0,0,0,0,0,0,0
0,1628,4000,4000,0,0,0,0,0,0,0,0,0
0,1629,4000,4000,0,0,0,0,0,0,0,0,0
0,1630,4000,4000,0,0,0,0,0,0,0,0,0
0,1631,4000,4000,0,0,0,0,0,0,0,0,0
0,1632,4000,4000,0,0,0,0,0,0,0,0,0
0,1633,4000,4000,0,0,0,0,0,0,0,0,0
0,1634,4000,4000,0,0,0,0,0,0,0,0,0
0,1635,4000,4000,0,0,0,0,0,0,0,0,0
0,1636,4000,4000,0,0,0,0,0,0,0,0,0
0,1637,4000,4000,0,0,0,0,0,0,0,0,0
0,1638,4000,4000,0,0,0,0,0,0,0,0,0
0,1639,4000,4000,0,0,0,0,0,0,0,0,0
0,1640,4000,4000,0,0,0,0,0,0,0,0,0
0,1641,4000,4000,0,0,0,0,0,0,0,0,0
0,1642,4000,4000,0,0,0,0,0,0,0,0,0
0,1643,4000,4000,0,0,0,0,0,0,0,0,0
0,1644,4000,4000,0,0,0,0,0,0,0,0,0
0,1645,4000,4000,0,0,0,0,0,0,0,0,0
0,1646,4000,4000,0,0,0,0,0,0,0,0,0
0,1647,4000,4000,0,0,0,0,0,0,0,0,0
0,1648,4000,4000,0,0,0,0,0,0,0,0,0
0,1649,4000,4000,0,0,0,0,0,0,0,0,0
0,1650,4000,4000,0,0,0,0,0,0,0,0,0
0,1651,4000,4000,0,0,0,0,0,0,0,0,0
0,1652,4000,4000,0,0,0,0,0,0,0,0,0
0,1653,4000,4000,0,0,0,0,0,0,0,0,0
0,1654,4000,4000,0,0,0,0,0,0,0,0,0
0,1655,4000,4000,0,0,0,0,0,0,0,0,0
0,1656,4000,4000,0,0,0,0,0,0,0,0,0
0,1657,4000,4000,0,0,0,0,0,0,0,0,0
0,1658,4000,4000,0,0,0,0,0,0,0,0,0
0,1659,4000,4000,0,0,0,0,0,0,0,0,0
0,1660,4000,4000,0,0,0,0,0,0,0,0,0
0,1661,4000,4000,0,0,0,0,0,0,0,0,0
0,1662,4000,4000,0,0,0,0,0,0,0,0,0
0,1663,4000,4000,0,0,0,0,0,0,0,0,0
0,1664,4000,4000,0,0,0,0,0,0,0,0,0
0,1665,4000,4000,0,0,0,0,0,0,0,0,0
0,1666,4000,4000,0,0,0,0,0,0,0,0,0
0,1667,4000,4000,0,0,0,0,0,0,0,0,0
0,1668,4000,4000,0,0,0,0,0,0,0,0,0
0,1669,4000,4000,0,0,0,0,0,0,0,0,0
0,1670,4000,4000,0,0,0,0,0,0,0,0,0
0,1671,4000,4000,0,0,0,0,0,0,0,0,0
0,1672,4000,4000,0,0,0,0,0,0,0,0,0
0,1673,4000,4000,0,0,0,0,0,0,0,0,0
