Data,Precipitacao,TempMaxima,TempMinima,Temp Comp Media
01/01/2012,14.4,26,17.8,21.04
02/01/2012,7.4,28.2,20.1,22.68
03/01/2012,0,30.7,17.4,23.32
04/01/2012,0,29,18.2,22.12
05/01/2012,0,28.7,17.4,22.74
06/01/2012,0,32.3,19.5,25.26
07/01/2012,0,30.4,21.3,24.84
08/01/2012,0,34.2,21.2,26.16
09/01/2012,0,35.5,21.6,27.18
10/01/2012,0,32.3,21,26.02
11/01/2012,0,37,22.4,28.34
12/01/2012,0.2,33.4,23.2,26.38
13/01/2012,29.8,24.2,20.8,22.2
14/01/2012,39.3,22,20,20.68
15/01/2012,40.9,28.6,19.2,22.64
16/01/2012,0,30.8,18,23.6
17/01/2012,0,30.1,19.6,24.2
18/01/2012,0,30.1,20.9,24.6
19/01/2012,0,33,19.6,25.28
20/01/2012,0,33.4,20.3,26.38
21/01/2012,0,33.5,22.5,27.04
22/01/2012,0,35.1,22.2,28.26
23/01/2012,0,36.8,24.3,29.84
24/01/2012,0,35.2,25.4,28.24
25/01/2012,33,29.4,22,24.1
26/01/2012,0.8,28.8,18.1,22.76
27/01/2012,0.2,27.9,17.6,22.14
28/01/2012,0,28.9,18.2,22.9
29/01/2012,0,31.8,17.8,23.88
30/01/2012,0,34.9,18.3,25.6
31/01/2012,0,36.6,19.2,27.22
01/02/2012,0,34.4,20.9,26.72
02/02/2012,0,35.2,22.2,27.28
03/02/2012,1.6,36.2,24.4,28.6
04/02/2012,0.1,36.1,23.6,26.74
05/02/2012,4.9,35.7,23.5,27
06/02/2012,10.7,31.7,24.6,26.36
07/02/2012,0.5,32.4,24,27.3
08/02/2012,0,36.5,22.8,27.98
09/02/2012,9.6,30,22.7,25.08
10/02/2012,0,29.3,22,24.18
11/02/2012,0.3,29.4,18.6,23.52
12/02/2012,0,31.9,18.1,24.08
13/02/2012,0,33.3,19,25.18
14/02/2012,0,36,20.5,27.6
15/02/2012,0,36.6,23.2,29.48
16/02/2012,0,36.9,25.8,29.74
17/02/2012,0,37,24.4,29.7
18/02/2012,0,37.5,24.1,30.3
19/02/2012,0,39,24.2,28.36
20/02/2012,17.3,35.1,23,28.56
21/02/2012,0,34.9,23.4,27.02
22/02/2012,79,28.5,22.7,24.26
23/02/2012,6.5,32,21.4,26.32
24/02/2012,0,30.2,22.9,25.02
25/02/2012,0,25.8,21.4,22.98
26/02/2012,9,32,21.4,25.38
27/02/2012,0,31.1,19,24.34
28/02/2012,0,33.9,21.2,26.64
29/02/2012,0,35,21.7,25.6
01/03/2012,34.9,28.6,21.8,25.06
02/03/2012,2.1,28.8,21,23.56
03/03/2012,0,30,19,23.76
04/03/2012,0,34.8,19.6,26.02
05/03/2012,0,35.3,21.2,27.32
06/03/2012,0,36.2,21.8,27.5
07/03/2012,0.2,36.5,20.4,27.06
08/03/2012,0,33.3,21.9,26.62
09/03/2012,0,32,22,25.74
10/03/2012,0,34.4,20.4,27.24
11/03/2012,0,37,22.6,27.84
12/03/2012,0,37.1,21.8,29.42
13/03/2012,0,35.9,24.1,27.48
14/03/2012,21.3,25.2,22.1,22.86
15/03/2012,59.4,26.6,19.6,21.32
16/03/2012,0,28.9,15.6,21.88
17/03/2012,0,29.6,18.5,23.2
18/03/2012,0,32.2,18,23.8
19/03/2012,0,32.6,18,24.84
20/03/2012,0,32.9,19,24.54
21/03/2012,0,26.4,19.3,23.08
22/03/2012,0.7,28.5,19.7,22.8
23/03/2012,0.3,26.7,17.8,20.9
24/03/2012,2.2,27.3,17.2,20.86
25/03/2012,0,27.4,15.5,20.82
26/03/2012,0,28.4,16.8,21.42
27/03/2012,1.6,22.7,17,18.38
28/03/2012,0,21.8,11.2,15.92
29/03/2012,0,26.1,9.8,17.64
30/03/2012,0,27.9,13.1,19.54
31/03/2012,0,29.4,16.4,21.6
01/04/2012,0,31.1,17.2,23.02
02/04/2012,0,32.6,17.2,23.6
03/04/2012,0,30.9,16.4,22.48
04/04/2012,0,34.4,18.8,24.92
05/04/2012,0,25.5,18.2,21.02
06/04/2012,10.8,25.5,17.7,19.84
07/04/2012,0,27.6,13.4,19.4
08/04/2012,0,31,14.1,21.26
09/04/2012,0,28,18.6,22.26
10/04/2012,0,27.5,20.9,23.64
11/04/2012,0.1,29.5,22.8,24.54
12/04/2012,0,26.7,21.1,22.36
13/04/2012,0.1,27.9,18.9,22.1
14/04/2012,26.6,23.5,17.9,19.5
15/04/2012,14.7,26.6,17.4,20.28
16/04/2012,0,26.2,15.8,20
17/04/2012,0,29.6,16.8,22.12
18/04/2012,0.1,30.5,16.9,22.34
19/04/2012,0,24.5,18.4,21.06
20/04/2012,0,30.2,18.6,22.86
21/04/2012,0,27.9,16.4,20.24
22/04/2012,0.4,22.2,13.2,16.16
23/04/2012,0,23,10.4,15.92
24/04/2012,0,20.9,11.2,14.86
25/04/2012,0,21.8,8.4,15.02
26/04/2012,0,20.8,15.2,17.32
27/04/2012,4.4,20.9,13.1,14.86
28/04/2012,0,18.8,9.2,13.8
29/04/2012,18.1,18.5,13.9,15.14
30/04/2012,1.8,19.3,12.4,13.98
01/05/2012,0,18,9.1,12.92
02/05/2012,0.3,24,10.6,16.36
03/05/2012,0,27,11.4,18.32
04/05/2012,0.1,29.1,16.8,21
05/05/2012,0,28.2,16,20.32
06/05/2012,0,26.5,18.3,20.64
07/05/2012,0,27.6,16.4,20.52
08/05/2012,0.1,29.3,16.2,21.16
09/05/2012,0,29.2,15.6,20.68
10/05/2012,0,28.8,16.4,21.8
11/05/2012,0,24,17,19.1
12/05/2012,20.4,20.7,13.9,15.58
13/05/2012,0,19.5,8.7,12.34
14/05/2012,0,21.5,7.3,13.18
15/05/2012,0,23.1,10,15.64
16/05/2012,0,24.6,13.6,17.64
17/05/2012,0,24.2,16.1,18.64
18/05/2012,0,27,13.3,18.26
19/05/2012,0,24.2,13.3,17.72
20/05/2012,0,27.6,14,18.92
21/05/2012,0,27.4,13.4,18.84
22/05/2012,0,27.6,13.4,19.24
23/05/2012,0,26.9,15.3,19.92
24/05/2012,0,23.9,17.2,19.42
25/05/2012,0,24.2,17.8,19.8
26/05/2012,0.1,24.1,17.2,19.72
27/05/2012,0.1,26.7,16.8,19.84
28/05/2012,0,27.9,16.9,21.8
29/05/2012,0,30.3,19.6,24.58
30/05/2012,14.4,25.6,15.8,18.28
01/06/2012,0,20.5,9,12.86
02/06/2012,0,24.8,8.1,15.54
03/06/2012,9.3,19.7,14.2,15.5
04/06/2012,1.5,17.4,10.8,12.32
05/06/2012,0.2,16.4,6.7,9.78
06/06/2012,0,16,4.4,10.64
07/06/2012,0,14,2.2,6.12
08/06/2012,0,13.6,1.3,5.98
09/06/2012,0,17.1,0.9,8.16
10/06/2012,0,17.8,4.7,11.22
11/06/2012,0.4,20.4,12.4,14.72
12/06/2012,0,25.6,11.2,17.32
13/06/2012,0,30.4,13,20.16
14/06/2012,0,30.6,16,22.36
15/06/2012,0,26.2,17.3,20.28
16/06/2012,0,19.8,12.3,14.94
17/06/2012,0.6,18.2,11.8,14.88
18/06/2012,10.7,19.1,13.8,16.32
19/06/2012,2.9,16.6,11.6,13.16
20/06/2012,0.1,14.3,9.7,11.04
21/06/2012,0,22,9.2,14.46
22/06/2012,0.1,16.8,13,14.2
23/06/2012,1.3,19.8,8.7,12.62
24/06/2012,0.1,24,8.7,14.62
25/06/2012,0,18.1,12.7,14.66
26/06/2012,0,24.1,11.6,16.18
27/06/2012,0,27.5,13.5,19.24
28/06/2012,0,28.3,13.4,19.46
29/06/2012,0,30.5,16.4,22.54
30/06/2012,4.7,27.9,17.8,21.52
01/07/2012,0,30.3,18.6,23.3
03/07/2012,0,26.1,15.2,18.26
04/07/2012,0,29.6,14.3,21.62
05/07/2012,0,24.9,12.5,15.94
06/07/2012,62.8,17.4,10.3,12.54
07/07/2012,39.3,11.9,8.2,9.54
08/07/2012,0.1,15.3,2.8,7.56
09/07/2012,0,20.6,4.6,11.56
10/07/2012,0.1,18.8,12.8,14.66
11/07/2012,12.7,15.6,7.5,9.46
12/07/2012,0,14.5,5.8,9.78
13/07/2012,0,18.4,5.5,11.12
14/07/2012,0,18.1,6.9,10.68
15/07/2012,0,13.6,4.5,8.54
16/07/2012,0.2,16,6.9,11.08
17/07/2012,0,18.3,10,13.14
18/07/2012,0,17,9.6,12.1
19/07/2012,0,19.1,6.5,11.38
20/07/2012,0.1,21,6.4,12.4
21/07/2012,0,24.2,8.2,15.2
22/07/2012,0,19.7,10.6,13.7
23/07/2012,0,25,10.9,16.58
24/07/2012,1.4,18,12.6,14.32
25/07/2012,4.7,16.4,6.5,9.36
26/07/2012,0,17.4,5.7,10.52
27/07/2012,0,17.6,7.9,10.76
28/07/2012,0,20,5.6,12.62
29/07/2012,23.5,16.9,12.1,13.66
30/07/2012,0,17.6,6.1,11.62
31/07/2012,0,20.7,13.4,15.98
01/08/2012,31.9,27.7,15.2,20.1
02/08/2012,0.1,29,14.8,20.56
03/08/2012,0,30.6,14.9,21.88
04/08/2012,0,25.3,16.7,18.94
05/08/2012,1,17.8,12,13.4
06/08/2012,0.2,20.4,7.3,12.74
07/08/2012,0,23.8,10.4,15.84
08/08/2012,0,28.1,12.2,19.14
09/08/2012,0,25.1,17.6,19.94
10/08/2012,0,26.5,12.6,18.44
11/08/2012,0,31.1,15.1,21.12
12/08/2012,0,30.4,17.2,20.92
13/08/2012,6.7,19.3,14.7,15.96
14/08/2012,1.1,28.4,13.9,19.16
15/08/2012,0,31.7,15.9,22.88
16/08/2012,0,29.8,16.8,22.28
17/08/2012,0,31.2,18,23.58
18/08/2012,0,30.2,17.6,22.74
19/08/2012,0,27.6,18.7,22.36
20/08/2012,0,31,17.5,22.92
21/08/2012,0.3,27.2,19.6,21.88
22/08/2012,0,33.9,17.6,24.36
23/08/2012,0,34,18.6,23.78
24/08/2012,0,32.1,16.8,23.1
25/08/2012,0.6,22.9,11.8,15.02
26/08/2012,16,15.2,8.8,10.9
27/08/2012,23.8,16.9,10.3,13.24
28/08/2012,6.6,16.6,12.1,14.08
29/08/2012,5.3,18.6,12.6,14.88
30/08/2012,0,25.8,11.8,17.56
31/08/2012,0,25.7,12.3,18.4
01/09/2012,0,26.5,15.4,19.14
02/09/2012,0,29.2,14.8,20.28
03/09/2012,0,21.7,14.8,16.66
04/09/2012,0,25.3,12.8,18.04
05/09/2012,0,26.7,14.6,19.66
06/09/2012,0,25.3,16.7,19.68
07/09/2012,0,33.2,16.6,23.66
08/09/2012,0.1,26.2,19.2,21.36
09/09/2012,0.2,20.3,16.7,17.62
10/09/2012,42.1,16.8,14.3,15.54
11/09/2012,14.3,22.1,15.6,18.42
12/09/2012,0,21.9,15.8,18.1
13/09/2012,0.7,24.5,15,18.1
14/09/2012,0,29.8,14.7,21.06
15/09/2012,0,27.5,17.5,21.88
16/09/2012,24.1,21.4,18.4,19.88
17/09/2012,28,28.1,17.2,21
18/09/2012,85.4,20.2,18.7,19.38
19/09/2012,77.1,24.5,14.7,17.66
20/09/2012,0,20.6,11.8,15.12
21/09/2012,0,22,11.2,15.7
22/09/2012,0,22.1,8.8,15.62
23/09/2012,0,24.6,8.3,16.38
24/09/2012,0,28.3,13.3,20.78
25/09/2012,0.7,21.4,10.1,12.5
26/09/2012,0,16.1,7.7,11.4
27/09/2012,0.2,21.8,10,15
28/09/2012,0,22.4,11.6,16.96
29/09/2012,0,21.1,14.1,17.54
30/09/2012,0.8,29.6,14.5,21.86
01/10/2012,14.9,22.5,17.8,19.28
02/10/2012,3.8,22.1,14.7,18.8
03/10/2012,22.8,25.4,17.7,21.04
04/10/2012,0,24.6,18.8,20.6
05/10/2012,0,29.4,18.2,22.18
06/10/2012,0,34.5,18.9,24.68
07/10/2012,10.3,32.4,20.6,23.92
08/10/2012,12.6,28.5,20.1,23.1
09/10/2012,0,22.6,19.2,20.24
10/10/2012,10.1,21.5,15.7,17.7
11/10/2012,3.4,21.2,14.6,16.62
12/10/2012,0.8,23.5,15.4,18.18
13/10/2012,0,25.2,13.2,18.62
14/10/2012,0,27.2,14,20.26
15/10/2012,0,29.2,14.7,20.5
16/10/2012,0,29.9,17.9,24.12
17/10/2012,0,25.7,18.4,21.24
18/10/2012,0,25.1,14.7,18.46
19/10/2012,0,29,12.6,19.94
20/10/2012,0,32.1,16.3,23.94
22/10/2012,0,23.1,18.8,20.18
23/10/2012,26.8,27.7,17.5,20.88
24/10/2012,0.3,24.4,14.8,19.28
25/10/2012,0,27.6,14.6,20.74
26/10/2012,0,30.2,17.7,22.92
27/10/2012,0,31.9,20.1,25.28
28/10/2012,0,27.5,20.1,23.28
29/10/2012,0,29.6,20.8,23.48
30/10/2012,15.3,29.3,21.1,24.58
31/10/2012,0,25.8,18.6,20.94
01/11/2012,0,26.9,17,20.98
02/11/2012,0,28.5,14.8,20.76
03/11/2012,0,30.4,16.4,22.2
04/11/2012,0,30.5,18.3,22.56
05/11/2012,0,31.2,18.6,23.5
06/11/2012,0,33.2,15.8,23.94
07/11/2012,0,33.4,17,24.2
08/11/2012,0,33.2,20.2,25.74
09/11/2012,0,35.5,21.8,27.8
10/11/2012,0,34.4,22.3,27.22
11/11/2012,0,29,22.4,24.24
12/11/2012,4.9,23.8,16.2,18.56
13/11/2012,6.2,24.1,14.2,18.98
14/11/2012,0,25.3,15.2,20.04
15/11/2012,0.1,27.1,16.6,20.94
16/11/2012,0,29.3,16.8,22.36
17/11/2012,0,29,17.7,22.28
18/11/2012,0,32.7,17.2,23.68
19/11/2012,0,29.4,19.8,24.12
20/11/2012,1.5,30.8,20.3,24.36
21/11/2012,0,29.8,17.3,22.72
22/11/2012,0,35.4,18.1,26.32
23/11/2012,4,29.1,21.7,24.88
24/11/2012,9.3,26.9,19.4,21.14
25/11/2012,0,28.4,13.7,20.88
26/11/2012,0,31,15.4,22.54
27/11/2012,0,34,17.2,24.88
28/11/2012,0,33.6,19.3,25.6
29/11/2012,0,29.7,20.1,24.06
30/11/2012,0,33.1,22.3,27.54
01/12/2012,0,27.6,21.4,23.92
02/12/2012,8.9,32,19.4,24.82
03/12/2012,0,35.4,17.7,26.28
04/12/2012,0,33.9,21.3,26.82
05/12/2012,0,34.5,22.9,28.3
06/12/2012,0,38,24.3,30.16
07/12/2012,0,33.7,24.4,28.14
08/12/2012,15.3,31.2,20.4,24.66
09/12/2012,0,33.7,16.8,24.72
10/12/2012,0,38.3,17.4,28.06
11/12/2012,18.1,32.6,20.4,24.88
12/12/2012,0,28.4,19.6,23.64
13/12/2012,5.9,28.2,20,24.06
14/12/2012,0,29.7,19.9,23.78
15/12/2012,0,34.2,19,26.4
16/12/2012,0,37,20.7,27.3
17/12/2012,8.5,33.9,20.4,26.14
18/12/2012,0,33.6,20.1,25.58
19/12/2012,0,33.4,22.3,27.38
20/12/2012,0,39.1,23.5,28.28
21/12/2012,46.2,24.9,19.2,21.06
22/12/2012,17.1,28.7,16.8,22.84
23/12/2012,0,35.4,17.4,25.98
24/12/2012,0,38.9,22.1,30.82
25/12/2012,0,39.8,27.3,33.7
26/12/2012,0.1,34.3,19.8,23.54
27/12/2012,14.2,21,15.6,17.84
28/12/2012,58.5,23.4,15.4,19.22
29/12/2012,3.2,28.9,17.9,22.82
30/12/2012,0,35.6,18.8,26.78
31/12/2012,0,36.7,22,27.86
01/01/2013,23.8,25.5,19.2,21.58
02/01/2013,0.7,27.5,15.6,20.08
03/01/2013,0,30,14.6,22.16
03/01/2013,,,,
04/01/2013,0,33.6,17.4,24.84
04/01/2013,,,,
05/01/2013,0,31.8,19.6,25.16
05/01/2013,,,,
06/01/2013,7.4,31.1,20.1,26.14
06/01/2013,,,,
07/01/2013,0,32.2,22.3,25.98
07/01/2013,,,,
08/01/2013,67.9,30.6,21.2,24.32
08/01/2013,,,,
09/01/2013,0,31.5,21,24.92
09/01/2013,,,,
10/01/2013,0,31,19.3,23.6
10/01/2013,,,,
11/01/2013,0,29.1,16.5,22.06
11/01/2013,,,,
12/01/2013,0,30.1,16.8,22.42
12/01/2013,,,,
13/01/2013,0,31.4,17.3,23.66
13/01/2013,,,,
14/01/2013,0,31.5,19.8,24.88
14/01/2013,,,,
15/01/2013,0,30.2,20.6,24.8
15/01/2013,,,,
16/01/2013,0,32.6,20.6,25.64
16/01/2013,,,,
17/01/2013,0,34.2,20.5,26.2
17/01/2013,,,,
18/01/2013,0.1,30.1,21.9,24.8
18/01/2013,,,,
19/01/2013,1.3,29.5,19,23.12
19/01/2013,,,,
20/01/2013,1.3,28.7,20,23.1
20/01/2013,,,,
21/01/2013,0,30,18.2,23.48
21/01/2013,,,,
22/01/2013,0,31.9,19.1,24.44
22/01/2013,,,,
23/01/2013,0,33.7,19.3,25.86
23/01/2013,,,,
24/01/2013,0,35.6,21.9,25.94
24/01/2013,,,,
25/01/2013,3.6,32.2,21.5,24.36
25/01/2013,,,,
26/01/2013,0,27.2,16.3,20.34
26/01/2013,,,,
27/01/2013,0,29.5,14.4,21.6
27/01/2013,,,,
28/01/2013,0,33,17.9,24.58
28/01/2013,,,,
29/01/2013,0,34.8,19,25.82
29/01/2013,,,,
30/01/2013,0,36.2,19.7,26.44
30/01/2013,,,,
31/01/2013,0,37.7,20.3,27.94
31/01/2013,,,,
01/02/2013,0,38.2,21.8,29.24
01/02/2013,,,,
02/02/2013,0,30.8,22.2,25.92
02/02/2013,,,,
03/02/2013,5,27.5,19.6,22.32
03/02/2013,,,,
04/02/2013,4.2,27.6,17,21.8
04/02/2013,,,,
05/02/2013,0,27.7,17.2,22.42
05/02/2013,,,,
06/02/2013,0,29.6,19.9,23.46
06/02/2013,,,,
07/02/2013,0,29.5,20.8,23.98
07/02/2013,,,,
08/02/2013,0,28.5,19.6,23.66
08/02/2013,,,,
09/02/2013,0.6,28.9,21.5,24.22
09/02/2013,,,,
10/02/2013,0.5,32,22.2,24.84
10/02/2013,,,,
11/02/2013,0.5,32,20.8,25.3
11/02/2013,,,,
12/02/2013,1.8,31.4,22.8,26.3
12/02/2013,,,,
13/02/2013,0,32.9,23.6,26.98
13/02/2013,,,,
14/02/2013,3.8,33,22.9,26
14/02/2013,,,,
15/02/2013,22.1,31.4,22.9,25.8
15/02/2013,,,,
16/02/2013,0.5,31.9,22.4,26.02
16/02/2013,,,,
17/02/2013,0,33,22.5,27.26
17/02/2013,,,,
18/02/2013,0,31.6,23.2,26.02
18/02/2013,,,,
19/02/2013,0,28.4,22.6,24.76
19/02/2013,,,,
20/02/2013,0,31.4,23.9,26.14
20/02/2013,,,,
21/02/2013,70.4,30.2,23.2,25.66
21/02/2013,,,,
22/02/2013,2,27.5,20.2,22.42
22/02/2013,,,,
23/02/2013,0,29.6,18.8,23.88
23/02/2013,,,,
24/02/2013,0,33.6,19.4,26.76
24/02/2013,,,,
25/02/2013,0,29.2,23.6,24.84
25/02/2013,,,,
26/02/2013,1.4,26.1,18.6,21.3
26/02/2013,,,,
27/02/2013,0,27.1,14.5,20.02
27/02/2013,,,,
28/02/2013,0,28,15,20.88
28/02/2013,,,,
01/03/2013,0,32,17.9,24.54
01/03/2013,,,,
02/03/2013,0,33.3,21.3,27.18
02/03/2013,,,,
03/03/2013,0,27.3,23,24.74
03/03/2013,,,,
04/03/2013,13.3,25.9,19,21.1
04/03/2013,,,,
05/03/2013,10.1,24.2,17.2,19.92
05/03/2013,,,,
06/03/2013,0,27.5,19.6,21.96
06/03/2013,,,,
07/03/2013,0,32.2,16.2,23.52
07/03/2013,,,,
08/03/2013,0,28.3,21.1,24.14
08/03/2013,,,,
09/03/2013,0.7,27.7,21.4,24.04
09/03/2013,,,,
10/03/2013,0,28.4,22.2,25
10/03/2013,,,,
11/03/2013,0,30.2,20.4,23.54
11/03/2013,,,,
12/03/2013,6.2,23.3,20.2,21.32
12/03/2013,,,,
13/03/2013,10.5,24.9,19,20.62
13/03/2013,,,,
14/03/2013,0.3,26,16.3,20.62
14/03/2013,,,,
15/03/2013,2.4,21.3,17.6,18.8
15/03/2013,,,,
16/03/2013,4.8,21.9,17.6,18.58
16/03/2013,,,,
17/03/2013,0.1,24,15,18.54
17/03/2013,,,,
18/03/2013,0,23,14.5,18.9
18/03/2013,,,,
19/03/2013,0,23.4,17.6,20.56
19/03/2013,,,,
20/03/2013,7.5,20.9,18.3,19.44
20/03/2013,,,,
21/03/2013,11.5,27.4,17.3,21.98
21/03/2013,,,,
22/03/2013,0,28.3,19.4,21.86
22/03/2013,,,,
23/03/2013,0,27,16.9,20.74
23/03/2013,,,,
24/03/2013,0,25.4,15.6,20.04
24/03/2013,,,,
25/03/2013,0,29.5,16.4,22.1
25/03/2013,,,,
26/03/2013,0,26.2,18.6,20.56
26/03/2013,,,,
27/03/2013,10.1,25.4,16.5,20.16
27/03/2013,,,,
28/03/2013,0.5,26.5,18.2,20.94
28/03/2013,,,,
29/03/2013,0,27.8,15.5,20.84
29/03/2013,,,,
30/03/2013,0,30.6,17.1,22.92
30/03/2013,,,,
31/03/2013,0,32.4,18.4,24.36
31/03/2013,,,,
01/04/2013,0,27.6,17,22.26
01/04/2013,,,,
02/04/2013,0.7,28.3,20.7,23.66
02/04/2013,,,,
03/04/2013,0.1,31.7,21.6,25.06
03/04/2013,,,,
04/04/2013,53.7,29.4,20,23.16
04/04/2013,,,,
05/04/2013,24.8,25.4,19.3,21.54
05/04/2013,,,,
06/04/2013,0,28,17,22.12
06/04/2013,,,,
07/04/2013,0,25.4,18.3,20.24
07/04/2013,,,,
08/04/2013,0,24,15.8,19.48
08/04/2013,,,,
09/04/2013,0,23.1,17.7,20.08
09/04/2013,,,,
10/04/2013,0,26.5,17,21.02
10/04/2013,,,,
11/04/2013,0.1,29,18.5,23.8
11/04/2013,,,,
12/04/2013,18.5,25,18.7,20.28
12/04/2013,,,,
13/04/2013,2.2,21.9,14.8,16.88
13/04/2013,,,,
14/04/2013,0,20.7,9.8,14.94
14/04/2013,,,,
15/04/2013,0,25.2,11.5,18.86
15/04/2013,,,,
16/04/2013,0,21.6,13.9,17
16/04/2013,,,,
17/04/2013,0,23.1,13.5,16.74
17/04/2013,,,,
18/04/2013,0.1,25.2,11.3,17.34
18/04/2013,,,,
19/04/2013,0,26.6,12.3,18.46
19/04/2013,,,,
20/04/2013,0,26.7,12.2,18.5
20/04/2013,,,,
21/04/2013,0.1,26.5,16,19.64
21/04/2013,,,,
22/04/2013,0.1,27.3,14.6,19.06
22/04/2013,,,,
23/04/2013,0,27.6,13.7,19.66
23/04/2013,,,,
24/04/2013,0,27,15.6,19.7
24/04/2013,,,,
25/04/2013,0,28.4,14.5,20.44
25/04/2013,,,,
26/04/2013,0,28.8,15.6,20.84
26/04/2013,,,,
27/04/2013,0,28.8,16.1,21.02
27/04/2013,,,,
28/04/2013,0,32.1,17.1,24.04
28/04/2013,,,,
29/04/2013,2.4,25.7,19.8,22.28
29/04/2013,,,,
30/04/2013,6.1,27.3,18.1,20.32
30/04/2013,,,,
01/05/2013,0,23.2,16.9,19.46
01/05/2013,,,,
02/05/2013,0,31.7,16.6,22.72
02/05/2013,,,,
03/05/2013,0.1,28.5,19.3,22.34
03/05/2013,,,,
04/05/2013,0.3,23.4,19,19.96
04/05/2013,,,,
05/05/2013,0,22.1,15.1,17.72
05/05/2013,,,,
06/05/2013,0,20.5,12,15.04
06/05/2013,,,,
07/05/2013,0,18.5,12,13.92
07/05/2013,,,,
08/05/2013,0.8,20.9,7.1,12.76
08/05/2013,,,,
09/05/2013,0,24.6,8.7,14.82
09/05/2013,,,,
10/05/2013,0,28.2,8.4,16.58
10/05/2013,,,,
11/05/2013,0.1,28,11.1,18.28
11/05/2013,,,,
12/05/2013,0,21.6,14.2,17.28
12/05/2013,,,,
13/05/2013,0,24.4,14.3,18.88
13/05/2013,,,,
14/05/2013,0.3,26.5,18.2,21.7
14/05/2013,,,,
15/05/2013,0,23.8,15,18
15/05/2013,,,,
16/05/2013,13.3,15.2,7.5,9.78
16/05/2013,,,,
17/05/2013,0,17.8,5.2,10.58
17/05/2013,,,,
18/05/2013,0,16.8,9.5,13.36
18/05/2013,,,,
19/05/2013,1.5,18.4,14,15.8
19/05/2013,,,,
20/05/2013,19.8,21.2,15.2,17.44
20/05/2013,,,,
21/05/2013,1.4,21,14.6,16.24
21/05/2013,,,,
22/05/2013,0,16.6,11.1,14.16
22/05/2013,,,,
23/05/2013,0,21.3,13.6,16.24
23/05/2013,,,,
24/05/2013,0.1,19.8,13.4,15.72
24/05/2013,,,,
25/05/2013,0,21.8,13.4,15.44
25/05/2013,,,,
26/05/2013,0,24,12,16.76
26/05/2013,,,,
27/05/2013,0,25.8,12.8,17.44
27/05/2013,,,,
28/05/2013,0,25.6,13,18.4
28/05/2013,,,,
29/05/2013,0.1,19.7,16.2,17.52
29/05/2013,,,,
30/05/2013,27.5,18.1,9.1,12.56
30/05/2013,,,,
31/05/2013,0,20.3,6.7,12.74
31/05/2013,,,,
01/06/2013,8.4,15.7,10.4,13.1
01/06/2013,,,,
02/06/2013,17.9,16.4,12.1,13.66
02/06/2013,,,,
03/06/2013,0.1,19.5,11.5,13.66
03/06/2013,,,,
04/06/2013,0.1,21.5,8.2,13.86
04/06/2013,,,,
05/06/2013,0.1,25,9.6,16
05/06/2013,,,,
06/06/2013,0,21.8,12.6,15.12
06/06/2013,,,,
07/06/2013,0,20.5,6.9,12.84
07/06/2013,,,,
08/06/2013,0.1,20.3,8.8,13.22
08/06/2013,,,,
09/06/2013,0.2,22,10.2,15.6
09/06/2013,,,,
10/06/2013,0,23.2,15.2,17.42
10/06/2013,,,,
11/06/2013,0.1,17.2,12.3,14.88
11/06/2013,,,,
12/06/2013,0,19.2,14.5,15.82
12/06/2013,,,,
13/06/2013,0,21.4,12.9,15.46
13/06/2013,,,,
14/06/2013,0.1,21.2,11.3,14.98
14/06/2013,,,,
15/06/2013,0.1,19.9,12.2,14.66
15/06/2013,,,,
16/06/2013,0,20.1,12.4,16.38
16/06/2013,,,,
17/06/2013,2.8,17.8,14.3,15.38
17/06/2013,,,,
18/06/2013,0,21,13.1,16.6
18/06/2013,,,,
19/06/2013,1.7,17.6,12.3,13.96
19/06/2013,,,,
20/06/2013,3.6,15.6,11.6,13.28
20/06/2013,,,,
21/06/2013,34.8,16.8,13.2,14.92
21/06/2013,,,,
22/06/2013,6.9,17.4,11.4,13.28
22/06/2013,,,,
23/06/2013,0,18.8,7.4,11.78
23/06/2013,,,,
24/06/2013,0,19.6,10.7,14.96
24/06/2013,,,,
25/06/2013,3.9,17.9,15.4,16.06
25/06/2013,,,,
26/06/2013,0.3,16.2,13,14.24
26/06/2013,,,,
27/06/2013,0.1,18.9,8,12.42
27/06/2013,,,,
28/06/2013,0.1,23.5,8.9,15.62
28/06/2013,,,,
29/06/2013,19.2,19.8,14.3,15.78
29/06/2013,,,,
30/06/2013,0.1,18,10,11.78
30/06/2013,,,,
01/07/2013,0,17.6,5.3,10.24
01/07/2013,,,,
02/07/2013,0,19.9,5.6,11.68
02/07/2013,,,,
03/07/2013,0,23.6,8.1,14.62
03/07/2013,,,,
04/07/2013,0,23.4,11.5,17.94
04/07/2013,,,,
05/07/2013,0,28.5,16.2,21.64
05/07/2013,,,,
06/07/2013,0,24.8,17.8,20.76
06/07/2013,,,,
07/07/2013,42.1,21.4,11.8,14.2
07/07/2013,,,,
08/07/2013,10.9,15,9,11.74
08/07/2013,,,,
09/07/2013,0.3,23,11.3,16.06
09/07/2013,,,,
10/07/2013,0,26.7,14.8,19.36
10/07/2013,,,,
11/07/2013,0,26.4,14.4,18.76
11/07/2013,,,,
12/07/2013,0,25.4,14.9,19.3
12/07/2013,,,,
13/07/2013,8.7,21.1,15.9,17.92
13/07/2013,,,,
14/07/2013,0,20.6,14.1,16.24
14/07/2013,,,,
15/07/2013,24,16.9,9,11.18
15/07/2013,,,,
16/07/2013,0,18,6.4,11.6
16/07/2013,,,,
17/07/2013,0,24.3,8.8,15.48
17/07/2013,,,,
18/07/2013,2.2,17.4,10.9,13.4
18/07/2013,,,,
19/07/2013,23.9,12.5,7.2,9.38
19/07/2013,,,,
20/07/2013,0,15.2,8,10.88
20/07/2013,,,,
21/07/2013,3.7,13.4,8.8,10.06
21/07/2013,,,,
22/07/2013,0,11.3,5.1,7.04
22/07/2013,,,,
23/07/2013,0,9.1,4.5,6.72
23/07/2013,,,,
24/07/2013,0,12.6,3,6.8
24/07/2013,,,,
25/07/2013,0,16.1,1.4,7.76
25/07/2013,,,,
26/07/2013,0,19.9,4.9,11.54
26/07/2013,,,,
27/07/2013,0,21.4,6.8,12.36
27/07/2013,,,,
28/07/2013,0,22.2,8.2,13.84
28/07/2013,,,,
29/07/2013,0,22.2,7.7,13.24
29/07/2013,,,,
30/07/2013,0,18.3,10.8,13.8
30/07/2013,,,,
31/07/2013,0.1,27.3,9.7,16.86
31/07/2013,,,,
01/08/2013,0,30.1,11.9,19.9
01/08/2013,,,,
02/08/2013,0,22.1,14.7,17.62
02/08/2013,,,,
03/08/2013,1.1,17.7,12.3,13.5
03/08/2013,,,,
04/08/2013,14.8,18,11,13.2
04/08/2013,,,,
05/08/2013,0.1,21.7,6.5,12.96
05/08/2013,,,,
06/08/2013,1.5,22.4,11.4,14.72
06/08/2013,,,,
07/08/2013,1.5,22.3,10.4,15.92
07/08/2013,,,,
08/08/2013,6.5,30.1,13.2,18.04
08/08/2013,,,,
09/08/2013,2.6,13.3,10,10.84
09/08/2013,,,,
10/08/2013,22.2,11.9,10,10.66
10/08/2013,,,,
11/08/2013,16.9,14.3,9.6,10.64
11/08/2013,,,,
12/08/2013,0.1,18.9,5.3,11.78
12/08/2013,,,,
13/08/2013,0.8,14.9,9.8,11.14
13/08/2013,,,,
14/08/2013,3.6,10.4,7.8,8.9
14/08/2013,,,,
15/08/2013,0.8,15.9,7.9,10.78
15/08/2013,,,,
16/08/2013,0,20.3,6.4,12.5
16/08/2013,,,,
17/08/2013,0,18,8.2,12.5
17/08/2013,,,,
18/08/2013,0,21.5,9.6,15.26
18/08/2013,,,,
19/08/2013,0,25.5,13.4,18.18
19/08/2013,,,,
20/08/2013,0,27.6,11.6,18.82
20/08/2013,,,,
21/08/2013,0,26,15.5,20.04
21/08/2013,,,,
22/08/2013,0,24.4,12,16.1
22/08/2013,,,,
23/08/2013,31.7,12,6.3,8.28
23/08/2013,,,,
24/08/2013,23.6,13.5,7,11.22
24/08/2013,,,,
25/08/2013,72,13.2,9.8,10.88
25/08/2013,,,,
26/08/2013,30.5,10.1,6.7,7.72
26/08/2013,,,,
27/08/2013,12.1,11,6.4,8.72
27/08/2013,,,,
28/08/2013,5,17.6,9.2,12.28
28/08/2013,,,,
29/08/2013,0,23.4,6.9,14.4
29/08/2013,,,,
30/08/2013,0,28,9.6,17.84
30/08/2013,,,,
31/08/2013,0,27,12.2,19.46
31/08/2013,,,,
01/09/2013,0,21.5,17.9,19
01/09/2013,,,,
02/09/2013,0.7,22.8,15,19.22
02/09/2013,,,,
03/09/2013,0.3,20.4,11.8,14.24
03/09/2013,,,,
04/09/2013,0.9,18,9.2,12
04/09/2013,,,,
05/09/2013,0,24.5,10.6,16.42
05/09/2013,,,,
06/09/2013,0,28.2,13.1,19.44
06/09/2013,,,,
07/09/2013,0,28.7,14.8,20.78
07/09/2013,,,,
08/09/2013,3.4,26.8,16.9,20.82
08/09/2013,,,,
09/09/2013,0,31.3,15.6,21.88
09/09/2013,,,,
10/09/2013,0,34.7,15.8,23.56
10/09/2013,,,,
11/09/2013,0,34.8,18,25.08
11/09/2013,,,,
12/09/2013,0,34.6,18,26.02
12/09/2013,,,,
13/09/2013,0,35.3,19.9,24.44
13/09/2013,,,,
14/09/2013,0,25,17.5,19.84
14/09/2013,,,,
15/09/2013,0,24.3,17.8,19.94
15/09/2013,,,,
16/09/2013,23.8,19.4,15.4,16.66
16/09/2013,,,,
17/09/2013,8.3,17.3,11.1,12.8
17/09/2013,,,,
18/09/2013,0,17.3,8.3,12.18
18/09/2013,,,,
19/09/2013,0,21.2,6.1,13.1
19/09/2013,,,,
20/09/2013,0,19.6,12.9,16.92
20/09/2013,,,,
21/09/2013,31.8,17.6,14,15.36
21/09/2013,,,,
22/09/2013,7.5,17.3,13.7,14.92
22/09/2013,,,,
23/09/2013,14.7,16.8,12.2,13.84
23/09/2013,,,,
24/09/2013,12.2,16.6,9.8,12.3
24/09/2013,,,,
25/09/2013,26.8,19.3,10.2,13.96
25/09/2013,,,,
26/09/2013,0,20.7,7.9,13.86
26/09/2013,,,,
27/09/2013,0,22.2,11.8,16.56
27/09/2013,,,,
28/09/2013,4.7,18.1,14.2,15.52
28/09/2013,,,,
29/09/2013,0.2,22,14.3,17.3
29/09/2013,,,,
30/09/2013,0,20.5,15.4,17.64
30/09/2013,,,,
01/10/2013,0.2,23.1,15.2,17.86
01/10/2013,,,,
02/10/2013,0,25.6,11.4,17.38
02/10/2013,,,,
03/10/2013,0,22,12.4,17.76
03/10/2013,,,,
04/10/2013,0,21.2,13.2,15.82
04/10/2013,,,,
05/10/2013,11.1,21.1,12.6,15.7
05/10/2013,,,,
06/10/2013,0,22,11.9,16.02
06/10/2013,,,,
07/10/2013,0,23.2,12,16.82
07/10/2013,,,,
08/10/2013,0,25.3,11.5,17.5
08/10/2013,,,,
09/10/2013,0,28.3,14.6,20.38
09/10/2013,,,,
10/10/2013,0,28.4,15.6,21.22
10/10/2013,,,,
11/10/2013,0,29.1,15.5,21.2
11/10/2013,,,,
12/10/2013,0,24.5,17.8,21.08
12/10/2013,,,,
13/10/2013,17.4,27.5,19.3,22.44
13/10/2013,,,,
14/10/2013,0,28,17.5,21.32
14/10/2013,,,,
15/10/2013,0,26.2,16.6,20.44
15/10/2013,,,,
16/10/2013,0,24.6,15.6,19.9
16/10/2013,,,,
17/10/2013,0.2,23.6,17,19.48
17/10/2013,,,,
18/10/2013,0,25.6,14.3,19.9
18/10/2013,,,,
19/10/2013,0,26.7,14.7,20.08
19/10/2013,,,,
20/10/2013,0,32.4,15.8,24.1
20/10/2013,,,,
21/10/2013,13.4,25.2,18,19.56
21/10/2013,,,,
22/10/2013,19.8,25,16.2,19.76
22/10/2013,,,,
23/10/2013,3.2,25.1,17.8,20.62
23/10/2013,,,,
24/10/2013,41.4,21.1,17.1,18.64
24/10/2013,,,,
25/10/2013,0.1,23.2,13.8,18.48
25/10/2013,,,,
26/10/2013,0.4,19,17.7,18.42
26/10/2013,,,,
27/10/2013,24.6,25.8,16.2,18.64
27/10/2013,,,,
28/10/2013,0,23.1,11.4,16.32
28/10/2013,,,,
29/10/2013,0,25,11.2,18
29/10/2013,,,,
30/10/2013,0,25.6,14.8,19.92
30/10/2013,,,,
31/10/2013,0,26.7,16.5,21.1
31/10/2013,,,,
01/11/2013,0,27.8,18.5,22.48
01/11/2013,,,,
02/11/2013,0,28.8,17.8,23.76
02/11/2013,,,,
03/11/2013,0.7,25.4,17.8,20.18
03/11/2013,,,,
04/11/2013,0.8,24.8,12.5,17.78
04/11/2013,,,,
05/11/2013,0,24.4,14,18.66
05/11/2013,,,,
06/11/2013,0,25.6,14.6,19.52
06/11/2013,,,,
07/11/2013,0,29.8,14.8,21.6
07/11/2013,,,,
08/11/2013,0,33.5,16.9,24.4
08/11/2013,,,,
09/11/2013,0,30.9,20.1,24.38
09/11/2013,,,,
10/11/2013,0.2,28,20.6,23.12
10/11/2013,,,,
11/11/2013,105.5,21.6,20,20.4
11/11/2013,,,,
12/11/2013,32.1,26.8,19.4,22.42
12/11/2013,,,,
13/11/2013,0,27.6,16.9,21.42
13/11/2013,,,,
14/11/2013,0,29.3,15.4,21.82
14/11/2013,,,,
15/11/2013,0,33.6,18.1,23.68
15/11/2013,,,,
16/11/2013,23.7,24.8,17.2,19.36
16/11/2013,,,,
17/11/2013,0,26.1,12.2,19.42
17/11/2013,,,,
18/11/2013,0,32.3,16.9,23.8
18/11/2013,,,,
19/11/2013,0,33.4,19.2,25.82
19/11/2013,,,,
20/11/2013,4.9,31.2,20.9,25.54
20/11/2013,,,,
21/11/2013,12.2,26.2,19.4,21.48
21/11/2013,,,,
22/11/2013,3.5,25.3,17.3,20.56
22/11/2013,,,,
23/11/2013,0,27.2,16.8,21.24
23/11/2013,,,,
24/11/2013,0,29.8,17.7,22.88
24/11/2013,,,,
25/11/2013,0,32.1,19.2,25.06
25/11/2013,,,,
26/11/2013,0,34.1,19.3,26.4
26/11/2013,,,,
27/11/2013,0,33.6,20.9,26.8
27/11/2013,,,,
28/11/2013,1,27.7,19.1,21.54
28/11/2013,,,,
29/11/2013,0,28.3,15.2,21.74
29/11/2013,,,,
30/11/2013,0,27.7,15.4,21.82
30/11/2013,,,,
01/12/2013,0,30,20.3,23.54
01/12/2013,,,,
02/12/2013,5.3,30,20.5,24.38
02/12/2013,,,,
03/12/2013,4.4,29.2,19,22.6
03/12/2013,,,,
04/12/2013,32,32.2,15.6,25.08
04/12/2013,,,,
05/12/2013,31.4,27.9,20.7,22.5
05/12/2013,,,,
06/12/2013,0.1,24.8,15.8,19.72
06/12/2013,,,,
07/12/2013,0,29.6,16.3,22.08
07/12/2013,,,,
08/12/2013,0,34,17.3,25.26
08/12/2013,,,,
09/12/2013,0,30.4,22,25.68
09/12/2013,,,,
10/12/2013,1.6,24.2,20.3,21.84
10/12/2013,,,,
11/12/2013,1.3,25,18.4,20.72
11/12/2013,,,,
12/12/2013,0,27.6,16.6,21.6
12/12/2013,,,,
13/12/2013,0,31.4,17.4,23.38
13/12/2013,,,,
14/12/2013,0.3,33.3,19.1,25.38
14/12/2013,,,,
15/12/2013,0,32.4,19.6,25.56
15/12/2013,,,,
16/12/2013,0,31,22.2,24.8
16/12/2013,,,,
17/12/2013,0,30.3,20.4,24.2
17/12/2013,,,,
18/12/2013,0,33.6,19.4,25
18/12/2013,,,,
19/12/2013,0,31.9,19.5,24.9
19/12/2013,,,,
20/12/2013,0,30.8,21.2,25.2
20/12/2013,,,,
21/12/2013,0,30.2,20.5,24.62
21/12/2013,,,,
22/12/2013,0,29.5,20.1,24.06
22/12/2013,,,,
23/12/2013,0,28.1,20.3,23.82
23/12/2013,,,,
24/12/2013,0,31.8,20.6,25.24
24/12/2013,,,,
25/12/2013,0,35.3,21.1,26.7
25/12/2013,,,,
26/12/2013,0,38.5,21.3,29.82
26/12/2013,,,,
27/12/2013,0,39,24.1,30.4
27/12/2013,,,,
28/12/2013,0,34.3,25.3,28.6
28/12/2013,,,,
29/12/2013,0,37.2,23.8,30.36
29/12/2013,,,,
30/12/2013,0,36.4,24.4,28.22
30/12/2013,,,,
31/12/2013,0.2,31.5,25.3,27.12
31/12/2013,,,,
01/01/2014,3.6,34,23.7,27.86
01/01/2014,,,,
02/01/2014,0.1,34.4,24.8,27.84
02/01/2014,,,,
03/01/2014,4,25.3,19.9,21.56
03/01/2014,,,,
04/01/2014,9.2,28.2,17.5,22.62
04/01/2014,,,,
05/01/2014,0,31.6,17.8,25.02
05/01/2014,,,,
06/01/2014,0,34.4,19.5,26.06
06/01/2014,,,,
07/01/2014,0,36.2,22.2,29.44
07/01/2014,,,,
08/01/2014,0,30,23.8,25.62
08/01/2014,,,,
09/01/2014,0,33.3,21.3,26.4
09/01/2014,,,,
10/01/2014,14.6,31.1,21.9,24.2
10/01/2014,,,,
11/01/2014,10.3,29.4,20.1,23.88
11/01/2014,,,,
12/01/2014,9.1,28.1,20,22.9
12/01/2014,,,,
13/01/2014,0.2,29,21.6,24.44
13/01/2014,,,,
14/01/2014,1.3,31,22.1,24.64
14/01/2014,,,,
15/01/2014,8.3,28.3,21.9,24.4
15/01/2014,,,,
16/01/2014,3.5,31.2,19.2,24.96
16/01/2014,,,,
17/01/2014,0,34.8,19.2,26.38
17/01/2014,,,,
18/01/2014,0,36.4,20,27.98
18/01/2014,,,,
19/01/2014,0,37,21.6,29.52
19/01/2014,,,,
20/01/2014,0,37,23.5,29.82
20/01/2014,,,,
21/01/2014,0,37.3,22.3,31.04
21/01/2014,,,,
22/01/2014,0,37.2,25.2,30
22/01/2014,,,,
23/01/2014,0,37,25.1,31.48
23/01/2014,,,,
24/01/2014,0,37.6,26.5,29.64
24/01/2014,,,,
25/01/2014,5.7,27,20,21.72
25/01/2014,,,,
26/01/2014,2,26.4,19.7,23.08
26/01/2014,,,,
27/01/2014,1.6,36.3,22.7,28.92
27/01/2014,,,,
28/01/2014,0,37.7,24.2,29.3
28/01/2014,,,,
29/01/2014,2.6,38.2,25.1,29.66
29/01/2014,,,,
30/01/2014,0,37.7,24.3,28.26
30/01/2014,,,,
31/01/2014,0.7,32.6,23,26.6
31/01/2014,,,,
01/02/2014,2,34.2,23,26.78
01/02/2014,,,,
02/02/2014,6.2,38.2,22.6,30.62
02/02/2014,,,,
03/02/2014,0,37.8,22.6,29.64
03/02/2014,,,,
04/02/2014,0.2,37.8,25.2,29.9
04/02/2014,,,,
05/02/2014,0,39.9,24.9,32.34
05/02/2014,,,,
06/02/2014,0,40.6,26.6,31.72
06/02/2014,,,,
07/02/2014,0,39.8,27.1,33.32
07/02/2014,,,,
08/02/2014,0,34.8,22.6,27.34
08/02/2014,,,,
09/02/2014,6.5,38.1,22.6,29.3
09/02/2014,,,,
10/02/2014,0,36.8,22.6,27.08
10/02/2014,,,,
11/02/2014,22.9,37.5,22.7,29.2
11/02/2014,,,,
12/02/2014,0,35.6,24.2,27.48
12/02/2014,,,,
13/02/2014,2.1,25.6,20,22.32
13/02/2014,,,,
14/02/2014,42,25.3,18.4,21.1
14/02/2014,,,,
15/02/2014,2.4,26.3,19.2,22.54
15/02/2014,,,,
16/02/2014,0,27.6,18.3,22.64
16/02/2014,,,,
17/02/2014,0,30,19.8,24.38
17/02/2014,,,,
18/02/2014,0,30.3,20.2,24.82
18/02/2014,,,,
19/02/2014,0,32,21,25.72
19/02/2014,,,,
20/02/2014,0,27.5,21.5,24.02
20/02/2014,,,,
21/02/2014,0.6,33.3,21.8,27.22
21/02/2014,,,,
22/02/2014,0,32.4,22.6,25.44
22/02/2014,,,,
23/02/2014,3.1,30,22.1,24.48
23/02/2014,,,,
24/02/2014,3.7,32.5,21.4,26.18
24/02/2014,,,,
25/02/2014,0,29.2,22.2,24.84
25/02/2014,,,,
26/02/2014,22.7,23.9,21.1,22.1
26/02/2014,,,,
27/02/2014,29.6,22.5,17.8,19.62
27/02/2014,,,,
28/02/2014,3.7,26.2,17.6,20.64
28/02/2014,,,,
01/03/2014,0.3,26.8,17.4,21.54
01/03/2014,,,,
02/03/2014,0,27.6,17.5,22.06
02/03/2014,,,,
03/03/2014,0,28.6,19.4,23.38
03/03/2014,,,,
04/03/2014,14.6,29.8,19.9,24
04/03/2014,,,,
05/03/2014,2.6,28.3,20.2,24.28
05/03/2014,,,,
06/03/2014,0.4,30,20.4,24.7
06/03/2014,,,,
07/03/2014,0,29.4,19.9,23.5
07/03/2014,,,,
08/03/2014,0,25.8,19.6,22
08/03/2014,,,,
09/03/2014,26,29.9,18.9,23.28
09/03/2014,,,,
10/03/2014,0,28.4,20.2,24.46
10/03/2014,,,,
11/03/2014,15.1,27.7,20.4,23.18
11/03/2014,,,,
12/03/2014,0,27.6,18.8,22.38
12/03/2014,,,,
13/03/2014,0,28.5,20.7,23.76
13/03/2014,,,,
14/03/2014,0,32.4,19.2,25.14
14/03/2014,,,,
15/03/2014,1.3,27,22.9,24.34
15/03/2014,,,,
16/03/2014,0,31.6,21.2,25.76
16/03/2014,,,,
17/03/2014,20.6,26.8,20.9,23.76
17/03/2014,,,,
18/03/2014,15.9,25.4,20.3,21.56
18/03/2014,,,,
19/03/2014,9,23.9,20.2,21.68
19/03/2014,,,,
20/03/2014,2.6,26.6,19.3,22.78
20/03/2014,,,,
21/03/2014,0.1,26,21.1,22.6
21/03/2014,,,,
22/03/2014,2.7,21.9,14.7,16.6
22/03/2014,,,,
23/03/2014,0,24.8,11.8,17.54
23/03/2014,,,,
24/03/2014,0,29.2,13.7,21.06
24/03/2014,,,,
25/03/2014,0,29.7,17.4,22.44
25/03/2014,,,,
26/03/2014,0,29.1,18.8,22.66
26/03/2014,,,,
27/03/2014,0,29.6,20.9,24.16
27/03/2014,,,,
28/03/2014,0,32.4,19.5,25.36
28/03/2014,,,,
29/03/2014,0,34,21.8,26.36
29/03/2014,,,,
30/03/2014,0,31.8,22.8,25.96
30/03/2014,,,,
31/03/2014,15.2,26,22,23.12
31/03/2014,,,,
01/04/2014,11.9,27.4,21.4,23.32
01/04/2014,,,,
02/04/2014,2.8,28.4,20.9,23.82
02/04/2014,,,,
03/04/2014,0,28.7,20.1,23.64
03/04/2014,,,,
04/04/2014,0,31.4,19.2,24.46
04/04/2014,,,,
05/04/2014,0,32.1,18.1,25.04
05/04/2014,,,,
06/04/2014,0,32.2,20.4,25.52
06/04/2014,,,,
07/04/2014,0,30.3,22.2,24.6
07/04/2014,,,,
08/04/2014,0,31.3,21.8,25.12
08/04/2014,,,,
09/04/2014,12.4,28.7,21.2,23.62
09/04/2014,,,,
10/04/2014,0,28.4,16.7,22.1
10/04/2014,,,,
11/04/2014,0,26.3,21.2,22.92
11/04/2014,,,,
12/04/2014,53.8,25.5,21.1,22.48
12/04/2014,,,,
13/04/2014,0,21.8,12.2,16.08
13/04/2014,,,,
14/04/2014,0,22.6,12.5,16.36
14/04/2014,,,,
15/04/2014,0,24.5,13,18.42
15/04/2014,,,,
16/04/2014,0,28.7,14.4,20.96
16/04/2014,,,,
17/04/2014,0,29.7,17.2,23.7
17/04/2014,,,,
18/04/2014,0.2,28.4,21,23.16
18/04/2014,,,,
19/04/2014,1.6,23,20.4,21.14
19/04/2014,,,,
20/04/2014,0.8,25.7,18.2,20.36
20/04/2014,,,,
21/04/2014,0,28.3,15.2,20.94
21/04/2014,,,,
22/04/2014,0,22.8,18.1,19.4
22/04/2014,,,,
23/04/2014,0,23.1,14.2,18.5
23/04/2014,,,,
24/04/2014,0,22,15.8,17.44
24/04/2014,,,,
25/04/2014,0,22.1,12.2,15.78
25/04/2014,,,,
26/04/2014,0,22.4,11.7,16.12
26/04/2014,,,,
27/04/2014,0,24.3,14.3,18.66
27/04/2014,,,,
28/04/2014,0,25.9,14.2,19.26
28/04/2014,,,,
29/04/2014,0,26.7,15.4,20.1
29/04/2014,,,,
30/04/2014,0,21.6,17.9,19.52
30/04/2014,,,,
01/05/2014,1.4,23.2,17.6,19.14
01/05/2014,,,,
02/05/2014,0,22.9,15.8,17.58
02/05/2014,,,,
03/05/2014,0,27.2,12.7,18.92
03/05/2014,,,,
04/05/2014,19.7,20.3,18.1,18.84
04/05/2014,,,,
05/05/2014,6.6,26,17.1,20.22
05/05/2014,,,,
06/05/2014,0.1,25.6,18,21.2
06/05/2014,,,,
07/05/2014,0.7,24.7,18.9,20.76
07/05/2014,,,,
08/05/2014,0,21.8,17.4,18.68
08/05/2014,,,,
09/05/2014,8.4,22.6,15,17.82
09/05/2014,,,,
10/05/2014,3.9,22.1,14.3,17.18
10/05/2014,,,,
11/05/2014,0,25.4,14.5,18.34
11/05/2014,,,,
12/05/2014,0,26,13,19.26
12/05/2014,,,,
13/05/2014,0.7,24.2,17.7,19.64
13/05/2014,,,,
14/05/2014,0,24.3,14.8,18.42
14/05/2014,,,,
15/05/2014,0.1,25.8,15.6,18.9
15/05/2014,,,,
16/05/2014,8.1,21.3,16,17.38
16/05/2014,,,,
17/05/2014,0,22,12.4,16.56
17/05/2014,,,,
18/05/2014,0.1,19.4,15.4,16.44
18/05/2014,,,,
19/05/2014,0,22.1,9.9,14.74
19/05/2014,,,,
20/05/2014,0,21,11.2,15.2
20/05/2014,,,,
21/05/2014,0,18.4,14.4,16.92
21/05/2014,,,,
22/05/2014,12.4,18.6,15.2,16.46
22/05/2014,,,,
23/05/2014,2.1,15.4,11.2,12.52
23/05/2014,,,,
24/05/2014,0,15.2,8.6,10.84
24/05/2014,,,,
25/05/2014,0,15.8,6.9,11.22
25/05/2014,,,,
26/05/2014,0,18.1,12.2,14.78
26/05/2014,,,,
27/05/2014,0,18,9,12
27/05/2014,,,,
28/05/2014,0,18.7,8,12.52
28/05/2014,,,,
29/05/2014,0,22.7,7.4,14.42
29/05/2014,,,,
30/05/2014,0,25,10.7,16.6
30/05/2014,,,,
31/05/2014,6.7,18.3,14.9,16.1
31/05/2014,,,,
01/06/2014,15.7,19.6,14.1,15.58
01/06/2014,,,,
02/06/2014,0.9,18.4,9.6,12.56
02/06/2014,,,,
03/06/2014,0.1,19.7,7.2,11.74
03/06/2014,,,,
04/06/2014,0,24,7,14.32
04/06/2014,,,,
05/06/2014,22,17.2,13.3,15.2
05/06/2014,,,,
06/06/2014,10.6,17.9,14.8,16.28
06/06/2014,,,,
07/06/2014,1.2,24.3,16.4,19.74
07/06/2014,,,,
08/06/2014,0,19.7,12.6,14.72
08/06/2014,,,,
09/06/2014,0.1,16.9,8.3,11.4
09/06/2014,,,,
10/06/2014,0.2,17,7.2,12.44
10/06/2014,,,,
11/06/2014,0.2,24.6,9.3,16.92
11/06/2014,,,,
12/06/2014,0,29.7,16.5,22.12
12/06/2014,,,,
13/06/2014,0,22.6,15.7,18.22
13/06/2014,,,,
14/06/2014,67.6,16.6,13.1,14.66
14/06/2014,,,,
15/06/2014,1.5,20.6,13.9,16.92
15/06/2014,,,,
16/06/2014,0,21.3,14.8,17.74
16/06/2014,,,,
17/06/2014,1,20,14.2,15.7
17/06/2014,,,,
18/06/2014,0.2,16.2,10,11.62
18/06/2014,,,,
19/06/2014,0,14.3,5.4,8.5
19/06/2014,,,,
20/06/2014,0,16.2,4.2,9.28
20/06/2014,,,,
21/06/2014,0.1,18,5.2,10.88
21/06/2014,,,,
22/06/2014,0,23.2,7.2,14.2
22/06/2014,,,,
23/06/2014,2,19.6,14.5,16.98
23/06/2014,,,,
24/06/2014,2.5,24.1,15.2,18.2
24/06/2014,,,,
25/06/2014,23.6,22.7,16.6,18.58
25/06/2014,,,,
26/06/2014,1.6,18.6,16,17.34
26/06/2014,,,,
27/06/2014,1.8,19.5,16.9,17.84
27/06/2014,,,,
28/06/2014,20.1,18.2,16.2,17.4
28/06/2014,,,,
29/06/2014,31.3,20.6,14.4,16.28
29/06/2014,,,,
30/06/2014,24.3,14.9,13.5,14.1
30/06/2014,,,,
01/07/2014,3.7,16.2,12.1,13.38
01/07/2014,,,,
02/07/2014,0,19.4,7.6,13.04
02/07/2014,,,,
03/07/2014,5.9,21.9,13.8,17.68
03/07/2014,,,,
04/07/2014,95.5,24.2,17.4,19.86
04/07/2014,,,,
05/07/2014,7.4,27.6,16.9,22.16
05/07/2014,,,,
06/07/2014,0,24.2,14.8,17.78
06/07/2014,,,,
07/07/2014,2.1,16.9,9.2,11.74
07/07/2014,,,,
08/07/2014,0,18.8,6.6,11.56
08/07/2014,,,,
09/07/2014,0.1,20.8,10.6,15.16
09/07/2014,,,,
10/07/2014,0,19.5,15,16.46
10/07/2014,,,,
11/07/2014,0,21.4,13.3,15.92
11/07/2014,,,,
12/07/2014,0,23.3,12.3,16.52
12/07/2014,,,,
13/07/2014,0,25,13.8,18.08
13/07/2014,,,,
14/07/2014,0,27,13.5,18.52
14/07/2014,,,,
15/07/2014,0,25.7,13.2,18.1
15/07/2014,,,,
16/07/2014,0,26.5,14.2,19.3
16/07/2014,,,,
17/07/2014,0,20.6,16,17.9
17/07/2014,,,,
18/07/2014,33.7,17.4,11.3,13.52
18/07/2014,,,,
19/07/2014,2.1,18.3,9.8,12.9
19/07/2014,,,,
20/07/2014,0.1,20.6,8.2,13.12
20/07/2014,,,,
21/07/2014,0,24.3,7.3,14.04
21/07/2014,,,,
22/07/2014,0,27.4,8.7,17.66
22/07/2014,,,,
23/07/2014,17.2,20.4,11.6,16.68
23/07/2014,,,,
24/07/2014,61.4,17.6,10.2,12.48
24/07/2014,,,,
25/07/2014,23.4,13.1,6.4,8.42
25/07/2014,,,,
26/07/2014,0,15,5.2,9.32
26/07/2014,,,,
27/07/2014,0,16.3,4.8,9.58
27/07/2014,,,,
28/07/2014,0,18.9,6.6,12.2
28/07/2014,,,,
29/07/2014,0,24,11.7,16.8
29/07/2014,,,,
30/07/2014,0,19.5,13.3,16.08
30/07/2014,,,,
31/07/2014,0.9,24.4,14.7,19.32
31/07/2014,,,,
01/08/2014,0,24.5,15.5,18.16
01/08/2014,,,,
02/08/2014,19,26,13.9,19.1
02/08/2014,,,,
03/08/2014,0.2,31.6,17.5,24.18
03/08/2014,,,,
04/08/2014,8,26.1,12,15.18
04/08/2014,,,,
05/08/2014,5.5,18.2,5.7,10.82
05/08/2014,,,,
06/08/2014,0,26.5,6.7,16.18
06/08/2014,,,,
07/08/2014,0,21.4,12.7,15.54
07/08/2014,,,,
08/08/2014,4.5,17.8,7,10.9
08/08/2014,,,,
09/08/2014,0,20.5,6.7,13.56
09/08/2014,,,,
10/08/2014,2.5,22.2,13.6,17.44
10/08/2014,,,,
11/08/2014,27.7,19,14.6,16.08
11/08/2014,,,,
12/08/2014,0.8,15.6,12.4,13.34
12/08/2014,,,,
13/08/2014,0,15.3,7.8,9.86
13/08/2014,,,,
14/08/2014,0,17.3,3.1,9.12
14/08/2014,,,,
15/08/2014,0,20.5,4.8,12.7
15/08/2014,,,,
16/08/2014,0.5,22.2,14.5,17.04
16/08/2014,,,,
17/08/2014,1,21.1,15,16.9
17/08/2014,,,,
18/08/2014,0,22.1,15.1,16.84
18/08/2014,,,,
19/08/2014,0.2,26.2,13.8,17.6
19/08/2014,,,,
20/08/2014,0,20,13.5,15.84
20/08/2014,,,,
21/08/2014,0,28.6,13.6,19
21/08/2014,,,,
22/08/2014,0,30.1,12.1,19.76
22/08/2014,,,,
23/08/2014,0,30.5,14.8,21.38
23/08/2014,,,,
24/08/2014,0,34.6,19.3,25.72
24/08/2014,,,,
25/08/2014,0,27.3,13.1,17.16
25/08/2014,,,,
26/08/2014,20.6,15.2,11,12.4
26/08/2014,,,,
27/08/2014,0,15.4,7.4,10.6
27/08/2014,,,,
28/08/2014,0,17.4,6.6,10.72
28/08/2014,,,,
29/08/2014,0,22.8,8.2,14.28
29/08/2014,,,,
30/08/2014,0,26.1,8.9,16.66
30/08/2014,,,,
31/08/2014,38.6,24.8,15.8,19.76
31/08/2014,,,,
01/09/2014,0,23.2,13.8,16.58
01/09/2014,,,,
02/09/2014,0,17.6,13.1,15.8
02/09/2014,,,,
03/09/2014,27.6,22,15.8,17.6
03/09/2014,,,,
04/09/2014,0,22.2,14.2,17.6
04/09/2014,,,,
05/09/2014,0,23.6,14.2,18.32
05/09/2014,,,,
06/09/2014,0,23.7,14.1,17.92
06/09/2014,,,,
07/09/2014,14.1,18.7,15.6,16.9
07/09/2014,,,,
08/09/2014,0,29.6,12.3,19.84
08/09/2014,,,,
09/09/2014,0,33.2,16.3,25
09/09/2014,,,,
10/09/2014,0,26,14.2,17.08
10/09/2014,,,,
11/09/2014,36.8,16.1,12.3,13.96
11/09/2014,,,,
12/09/2014,19.7,19.5,14.2,16.5
12/09/2014,,,,
13/09/2014,8.3,29.6,16.1,21.54
13/09/2014,,,,
14/09/2014,0,32.4,17.7,22.52
14/09/2014,,,,
15/09/2014,16.6,23,16.5,18.48
15/09/2014,,,,
16/09/2014,1,22,12.6,15.92
16/09/2014,,,,
17/09/2014,0,22.6,11.7,16.64
17/09/2014,,,,
18/09/2014,0,22.5,14.9,18.98
18/09/2014,,,,
19/09/2014,0,26,17.5,21.18
19/09/2014,,,,
20/09/2014,0.4,25.5,18,20.42
20/09/2014,,,,
21/09/2014,0,19.7,13.5,15.78
21/09/2014,,,,
22/09/2014,0.6,24,10.5,17.1
22/09/2014,,,,
23/09/2014,0,29.6,13.7,21.42
23/09/2014,,,,
24/09/2014,0.9,22.7,17.7,19.12
24/09/2014,,,,
25/09/2014,0,28,14,20.5
25/09/2014,,,,
26/09/2014,21.3,24.9,15.7,18.78
26/09/2014,,,,
27/09/2014,0,20.2,13.4,17.12
27/09/2014,,,,
28/09/2014,0,26.4,14.6,20.2
28/09/2014,,,,
29/09/2014,6.8,24.6,18.9,20.52
29/09/2014,,,,
30/09/2014,0.1,20.8,17.5,19.14
30/09/2014,,,,
01/10/2014,7.2,22.6,16,18.04
01/10/2014,,,,
02/10/2014,0,21.7,13.6,16.94
02/10/2014,,,,
03/10/2014,0,,,17.28
03/10/2014,,,,
04/10/2014,0,24.3,14.8,18.5
04/10/2014,,,,
05/10/2014,0,26.6,14.6,19.88
05/10/2014,,,,
06/10/2014,0.1,23.5,16.6,19.94
06/10/2014,,,,
07/10/2014,0,27.4,17.9,21.84
07/10/2014,,,,
08/10/2014,0,31.2,16.7,23.42
08/10/2014,,,,
09/10/2014,0,29.8,19.4,24.14
09/10/2014,,,,
10/10/2014,0,30.1,16.9,21.4
10/10/2014,,,,
11/10/2014,2.2,21,15.2,18.02
11/10/2014,,,,
12/10/2014,10.9,26.5,17.4,21.44
12/10/2014,,,,
13/10/2014,0.1,22.2,17.1,18.86
13/10/2014,,,,
14/10/2014,12.8,24.6,17.9,20.02
14/10/2014,,,,
15/10/2014,0,28.6,16.5,21.88
15/10/2014,,,,
16/10/2014,13.1,21.6,19.3,20.22
16/10/2014,,,,
17/10/2014,80.3,21.1,19.1,20.48
17/10/2014,,,,
18/10/2014,15.3,24.7,17.7,20.68
18/10/2014,,,,
19/10/2014,29,23.8,18.7,19.98
19/10/2014,,,,
20/10/2014,3.6,24.6,13.4,18.32
20/10/2014,,,,
21/10/2014,0,24.8,13.3,18.54
21/10/2014,,,,
22/10/2014,0,27.9,14.3,20.28
22/10/2014,,,,
23/10/2014,0,29.4,15.6,21.82
23/10/2014,,,,
24/10/2014,0.1,28.7,16.3,21.6
24/10/2014,,,,
25/10/2014,0,26.7,19.8,22.18
25/10/2014,,,,
26/10/2014,0,29,19.2,22.96
26/10/2014,,,,
27/10/2014,0,32.4,18.2,24.1
27/10/2014,,,,
28/10/2014,0,35.6,19,26.2
28/10/2014,,,,
29/10/2014,0,37.1,19.6,28.9
29/10/2014,,,,
30/10/2014,9.4,30.2,20.2,22.88
30/10/2014,,,,
31/10/2014,1.2,28.8,18.4,23.18
31/10/2014,,,,
01/11/2014,0,24.7,21,22.16
01/11/2014,,,,
02/11/2014,4.2,21.5,19,19.94
02/11/2014,,,,
03/11/2014,15.8,31.2,19.6,23.64
03/11/2014,,,,
04/11/2014,13.5,25,18.7,20.6
04/11/2014,,,,
05/11/2014,0.8,24,16,19.38
05/11/2014,,,,
06/11/2014,0,26.8,17.4,21.44
06/11/2014,,,,
07/11/2014,7.5,28.2,18.7,22.38
07/11/2014,,,,
08/11/2014,3.3,28.6,16.9,22.04
08/11/2014,,,,
09/11/2014,0,30.9,17.1,23.84
09/11/2014,,,,
10/11/2014,0,31.2,19.3,24.32
10/11/2014,,,,
11/11/2014,0,30.1,18.7,24.16
11/11/2014,,,,
12/11/2014,1.5,24.1,19.4,20.82
12/11/2014,,,,
13/11/2014,22.6,23.6,18.1,19.9
13/11/2014,,,,
14/11/2014,4.6,25.7,14.5,19.44
14/11/2014,,,,
15/11/2014,0,28.1,13.5,20.72
15/11/2014,,,,
16/11/2014,0,31,14.5,22.9
16/11/2014,,,,
17/11/2014,0,29,19.1,23.34
17/11/2014,,,,
18/11/2014,0,32,17.1,23.38
18/11/2014,,,,
19/11/2014,0,32.1,18.7,25.2
19/11/2014,,,,
20/11/2014,0.2,33.6,20.5,25.72
20/11/2014,,,,
21/11/2014,0,31.7,21.4,25.18
21/11/2014,,,,
22/11/2014,4.8,26,21.4,22.96
22/11/2014,,,,
23/11/2014,0,27.3,17.1,21.6
23/11/2014,,,,
24/11/2014,0,35,16.4,25.98
24/11/2014,,,,
25/11/2014,14.6,31.1,21.4,24.04
25/11/2014,,,,
26/11/2014,8.5,29.6,21.2,24.22
26/11/2014,,,,
27/11/2014,0,27,19.8,22.96
27/11/2014,,,,
28/11/2014,0,28.8,16,22.12
28/11/2014,,,,
29/11/2014,0,33.7,19.4,25.58
29/11/2014,,,,
30/11/2014,0,34.7,20.8,27.66
30/11/2014,,,,
01/12/2014,0,32.4,25.4,28.12
01/12/2014,,,,
02/12/2014,14.5,35,22.6,26.78
02/12/2014,,,,
03/12/2014,10.6,27.3,21,23.22
03/12/2014,,,,
04/12/2014,0,28.3,16.9,22.1
04/12/2014,,,,
05/12/2014,0,29.2,16.7,22.42
05/12/2014,,,,
06/12/2014,0,31.6,17.5,23.84
06/12/2014,,,,
07/12/2014,0,36.2,19,28.02
07/12/2014,,,,
08/12/2014,0,37.4,24.1,28.26
08/12/2014,,,,
09/12/2014,4.1,31.5,22.8,26.54
09/12/2014,,,,
10/12/2014,10.5,32.6,21.7,26.2
10/12/2014,,,,
11/12/2014,31.4,26,21.9,23.3
11/12/2014,,,,
12/12/2014,1.6,26.1,21.4,23.3
12/12/2014,,,,
13/12/2014,2.9,25.3,21,22.34
13/12/2014,,,,
14/12/2014,0.1,27.4,16.2,21.4
14/12/2014,,,,
15/12/2014,0,26.5,16.3,21.82
15/12/2014,,,,
16/12/2014,0,27.9,19.1,23.6
16/12/2014,,,,
17/12/2014,0.4,27.7,21.8,24.26
17/12/2014,,,,
18/12/2014,0,30.2,22,25.08
18/12/2014,,,,
19/12/2014,0,31.3,18.3,24.58
19/12/2014,,,,
20/12/2014,0,36.1,20.3,25.6
20/12/2014,,,,
21/12/2014,39.9,23.5,20.5,21.64
21/12/2014,,,,
22/12/2014,36.2,25.7,18.5,20.98
22/12/2014,,,,
23/12/2014,0,26.1,14.1,20.48
23/12/2014,,,,
24/12/2014,0,27.6,15.7,21.98
24/12/2014,,,,
25/12/2014,0,31.1,18.3,24.74
25/12/2014,,,,
26/12/2014,0,29.6,21.5,25.54
26/12/2014,,,,
27/12/2014,10,27.5,21.8,24.76
27/12/2014,,,,
28/12/2014,7.2,27.6,22.1,24.08
28/12/2014,,,,
29/12/2014,1.3,30.8,20.9,25.1
29/12/2014,,,,
30/12/2014,0,30.5,25.2,27.18
30/12/2014,,,,
31/12/2014,1.5,31.2,26.7,28.42
31/12/2014,,,,
